{"stats":{"minecraft:picked_up":{"minecraft:charcoal":3,"minecraft:crafting_table":1,"minecraft:redstone_block":2,"minecraft:redstone_lamp":31,"minecraft:gold_block":3,"minecraft:string":33,"minecraft:raw_copper":4,"minecraft:iron_axe":1,"born_in_chaos_v1:intoxicating_decoction":2,"minecraft:sticky_piston":4,"minecraft:deepslate_tiles":2,"minecraft:cobbled_deepslate":101,"minecraft:comparator":3,"minecraft:redstone_torch":16,"born_in_chaos_v1:stimulating_decoction":1,"minecraft:furnace":1,"minecraft:stick":2,"minecraft:raw_iron":11,"minecraft:oak_fence":9,"minecraft:torch":29,"farmersdelight:tomato_seeds":6,"minecraft:diorite":12,"minecraft:redstone":64,"minecraft:deepslate_tile_stairs":4,"minecraft:dark_oak_planks":35,"minecraft:tnt":1,"minecraft:rotten_flesh":5,"minecraft:deepslate_bricks":1,"minecraft:hay_block":19,"alexscaves:spelunkery_table":1,"minecraft:iron_block":2,"minecraft:cobblestone":399,"minecraft:cracked_deepslate_tiles":2,"minecraft:stripped_oak_log":16,"minecraft:repeater":4,"minecraft:leather":1,"minecraft:tuff":10,"minecraft:oak_log":8,"farmersdelight:tomato":3,"minecraft:dirt":2,"apotheosis:warden_tendril":4,"minecraft:gray_carpet":85,"minecraft:deepslate_brick_slab":1,"minecraft:wheat_seeds":3,"minecraft:gray_bed":7,"minecraft:oak_planks":14,"minecraft:sculk_catalyst":3,"minecraft:gravel":2,"minecraft:dark_oak_log":2,"minecraft:soul_lantern":2,"minecraft:lever":1,"minecraft:granite":17,"minecraft:gray_wool":28,"minecraft:emerald":1,"minecraft:coal":12,"iceandfire:raw_silver":5},"minecraft:dropped":{"farmersdelight:tomato_seeds":6,"born_in_chaos_v1:intoxicating_decoction":1,"minecraft:wheat_seeds":2,"minecraft:cobblestone":161,"minecraft:stick":1,"minecraft:diorite":12,"minecraft:iron_leggings":1,"minecraft:stone_pickaxe":1},"minecraft:killed":{"born_in_chaos_v1:zombie_clown_not_despawn":1,"minecraft:spider":1,"minecraft:warden":3,"alexsmobs:catfish":1,"minecraft:trader_llama":2},"minecraft:crafted":{"minecraft:oak_planks":28,"minecraft:furnace":1,"minecraft:stone_pickaxe":1,"minecraft:chest":1,"minecraft:gray_bed":1,"minecraft:wheat":54,"minecraft:deepslate":24,"minecraft:crafting_table":4,"minecraft:wooden_pickaxe":1,"minecraft:stone_axe":1,"minecraft:bread":18,"minecraft:air":0,"minecraft:charcoal":13,"minecraft:stick":36,"minecraft:iron_ingot":11,"minecraft:iron_pickaxe":3,"minecraft:stone_sword":3,"minecraft:torch":76},"minecraft:mined":{"minecraft:dark_oak_planks":35,"minecraft:deepslate_tiles":2,"alexscaves:spelunkery_table":1,"minecraft:tuff":10,"iceandfire:silver_ore":5,"minecraft:sculk_vein":11,"minecraft:dark_oak_log":2,"minecraft:granite":17,"minecraft:lever":1,"minecraft:grass_block":3,"minecraft:redstone_wire":57,"minecraft:deepslate_bricks":1,"minecraft:deepslate_tile_stairs":4,"minecraft:spawner":1,"minecraft:hay_block":19,"minecraft:deepslate_brick_slab":1,"minecraft:furnace":1,"minecraft:iron_ore":1,"minecraft:sticky_piston":4,"minecraft:gold_block":3,"minecraft:sculk_shrieker":10,"minecraft:bookshelf":1,"minecraft:deepslate_iron_ore":10,"minecraft:stripped_oak_log":16,"minecraft:stone":462,"minecraft:iron_block":2,"minecraft:redstone_wall_torch":13,"minecraft:redstone_block":2,"minecraft:glass_pane":3,"minecraft:comparator":3,"minecraft:soul_lantern":2,"minecraft:oak_fence":7,"minecraft:crafting_table":1,"minecraft:torch":13,"minecraft:sculk_sensor":4,"minecraft:copper_ore":1,"farmersdelight:wild_tomatoes":7,"minecraft:oak_planks":14,"minecraft:sculk":8,"minecraft:diorite":12,"minecraft:wall_torch":15,"supplementaries:urn":1,"minecraft:gray_wool":30,"minecraft:repeater":4,"minecraft:redstone_torch":4,"minecraft:gray_bed":7,"minecraft:tnt":3,"minecraft:grass":7,"minecraft:cracked_deepslate_tiles":2,"minecraft:oak_log":10,"minecraft:coal_ore":12,"minecraft:gravel":2,"minecraft:dirt":4,"minecraft:gray_carpet":88,"minecraft:cobweb":35,"minecraft:oak_leaves":1,"minecraft:deepslate":101,"minecraft:redstone_lamp":31,"minecraft:suspicious_gravel":1},"minecraft:broken":{"minecraft:wooden_shovel":1,"minecraft:stone_sword":1,"minecraft:iron_pickaxe":2},"minecraft:used":{"minecraft:beetroot":8,"minecraft:trident":12,"minecraft:stone_sword":189,"minecraft:redstone":46,"minecraft:chest":1,"minecraft:wooden_shovel":30,"minecraft:torch":86,"minecraft:carrot":14,"minecraft:deepslate_brick_slab":1,"minecraft:cracked_deepslate_tiles":2,"minecraft:tuff":6,"minecraft:dark_oak_planks":6,"farmersdelight:tomato":3,"minecraft:repeater":4,"minecraft:redstone_lamp":18,"minecraft:golden_carrot":2,"minecraft:sweet_berries":5,"minecraft:furnace":2,"minecraft:deepslate_tile_stairs":4,"minecraft:gray_bed":8,"minecraft:cobbled_deepslate":10,"minecraft:water_bucket":4,"minecraft:gray_carpet":60,"minecraft:stone_pickaxe":120,"minecraft:wooden_pickaxe":38,"minecraft:redstone_block":2,"minecraft:deepslate_bricks":1,"minecraft:golden_apple":1,"minecraft:comparator":1,"minecraft:tnt":1,"minecraft:crafting_table":5,"minecraft:deepslate_tiles":2,"minecraft:redstone_torch":15,"minecraft:sticky_piston":3,"minecraft:lever":1,"minecraft:dark_oak_log":1,"minecraft:bread":6,"minecraft:iron_pickaxe":547,"minecraft:soul_lantern":2,"minecraft:stone_axe":50,"minecraft:cobblestone":108,"minecraft:bucket":5,"minecraft:pumpkin_pie":3,"minecraft:gray_wool":21},"minecraft:custom":{"minecraft:mob_kills":9,"minecraft:interact_with_crafting_table":36,"minecraft:open_barrel":32,"minecraft:leave_game":12,"minecraft:time_since_death":100619,"minecraft:climb_one_cm":3619,"minecraft:sprint_one_cm":865747,"minecraft:walk_one_cm":407516,"minecraft:drop":11,"minecraft:talked_to_villager":1,"minecraft:play_time":424069,"minecraft:deaths":78,"minecraft:sneak_time":29476,"minecraft:walk_under_water_one_cm":3216,"minecraft:interact_with_brewingstand":3,"minecraft:jump":4196,"minecraft:interact_with_blast_furnace":1,"minecraft:walk_on_water_one_cm":8357,"minecraft:total_world_time":424069,"minecraft:interact_with_furnace":32,"minecraft:interact_with_loom":1,"minecraft:sleep_in_bed":6,"minecraft:time_since_rest":13204,"minecraft:damage_taken":26989,"minecraft:damage_absorbed":40,"minecraft:trigger_trapped_chest":1,"minecraft:damage_dealt":16959,"minecraft:swim_one_cm":28304,"minecraft:fly_one_cm":565605,"minecraft:open_chest":48,"minecraft:crouch_one_cm":40483,"minecraft:fall_one_cm":94281}},"DataVersion":3465}