{"stats":{"minecraft:used":{"minecraft:stone_sword":154,"minecraft:gray_carpet":29,"minecraft:stone_pickaxe":28,"minecraft:redstone":35,"minecraft:chest":1,"minecraft:wooden_pickaxe":3,"minecraft:redstone_block":1,"minecraft:wooden_shovel":30,"minecraft:deepslate_bricks":1,"minecraft:comparator":1,"minecraft:crafting_table":1,"minecraft:redstone_torch":15,"minecraft:deepslate_tiles":2,"minecraft:sticky_piston":3,"minecraft:lever":1,"minecraft:soul_lantern":2,"minecraft:repeater":4,"minecraft:redstone_lamp":15,"minecraft:deepslate_tile_stairs":4,"minecraft:gray_wool":12},"minecraft:broken":{"minecraft:wooden_shovel":1,"minecraft:stone_sword":1},"minecraft:crafted":{"minecraft:deepslate":24,"minecraft:crafting_table":1,"minecraft:wooden_pickaxe":1,"minecraft:stick":8,"minecraft:stone_pickaxe":1,"minecraft:stone_sword":2,"minecraft:chest":1,"minecraft:gray_bed":1},"minecraft:custom":{"minecraft:interact_with_furnace":7,"minecraft:mob_kills":7,"minecraft:interact_with_crafting_table":8,"minecraft:leave_game":9,"minecraft:time_since_death":12306,"minecraft:climb_one_cm":630,"minecraft:time_since_rest":12336,"minecraft:sprint_one_cm":423458,"minecraft:damage_taken":24505,"minecraft:walk_one_cm":221865,"minecraft:damage_dealt":16409,"minecraft:talked_to_villager":1,"minecraft:fly_one_cm":159738,"minecraft:open_chest":9,"minecraft:crouch_one_cm":18619,"minecraft:play_time":184833,"minecraft:deaths":72,"minecraft:sneak_time":12270,"minecraft:jump":1172,"minecraft:total_world_time":184833,"minecraft:fall_one_cm":18610},"minecraft:killed":{"minecraft:spider":1,"minecraft:trader_llama":2,"minecraft:warden":3},"minecraft:mined":{"minecraft:dark_oak_planks":28,"minecraft:deepslate_tiles":2,"minecraft:redstone_block":2,"minecraft:glass_pane":3,"minecraft:comparator":3,"minecraft:sculk_vein":11,"minecraft:soul_lantern":2,"minecraft:lever":1,"minecraft:sculk_sensor":1,"minecraft:redstone_wire":53,"minecraft:deepslate_bricks":1,"minecraft:deepslate_tile_stairs":4,"minecraft:sculk":5,"supplementaries:urn":1,"minecraft:gray_wool":25,"minecraft:repeater":4,"minecraft:redstone_torch":4,"minecraft:sticky_piston":4,"minecraft:sculk_shrieker":2,"minecraft:cracked_deepslate_tiles":2,"minecraft:gray_carpet":56,"minecraft:deepslate":9,"minecraft:redstone_wall_torch":13,"minecraft:redstone_lamp":29},"minecraft:picked_up":{"minecraft:cracked_deepslate_tiles":2,"minecraft:redstone_block":2,"minecraft:repeater":4,"minecraft:redstone_lamp":29,"minecraft:leather":1,"apotheosis:warden_tendril":4,"minecraft:sticky_piston":4,"minecraft:gray_carpet":54,"minecraft:deepslate_tiles":2,"minecraft:cobbled_deepslate":9,"minecraft:comparator":3,"minecraft:redstone_torch":16,"minecraft:sculk_catalyst":3,"minecraft:redstone":60,"minecraft:deepslate_tile_stairs":4,"minecraft:dark_oak_planks":28,"minecraft:soul_lantern":2,"minecraft:lever":1,"minecraft:deepslate_bricks":1,"minecraft:gray_wool":25,"minecraft:emerald":1}},"DataVersion":3465}