{"stats":{"minecraft:used":{"minecraft:redstone_torch":13,"minecraft:sticky_piston":3,"minecraft:lever":1,"minecraft:stone_sword":99,"minecraft:stone_pickaxe":16,"minecraft:redstone":35,"minecraft:gray_carpet":27,"minecraft:wooden_pickaxe":3,"minecraft:wooden_shovel":30,"minecraft:deepslate_bricks":1,"minecraft:soul_lantern":2,"minecraft:repeater":4,"minecraft:redstone_lamp":10,"minecraft:comparator":1,"minecraft:crafting_table":1,"minecraft:gray_wool":12,"minecraft:deepslate_tiles":2},"minecraft:broken":{"minecraft:wooden_shovel":1},"minecraft:crafted":{"minecraft:deepslate":24,"minecraft:crafting_table":1,"minecraft:stick":8,"minecraft:wooden_pickaxe":1,"minecraft:stone_sword":1,"minecraft:stone_pickaxe":1},"minecraft:custom":{"minecraft:time_since_rest":1909,"minecraft:interact_with_furnace":6,"minecraft:sprint_one_cm":334074,"minecraft:damage_taken":20035,"minecraft:walk_one_cm":170005,"minecraft:mob_kills":3,"minecraft:damage_dealt":10736,"minecraft:interact_with_crafting_table":5,"minecraft:fly_one_cm":110025,"minecraft:crouch_one_cm":15948,"minecraft:play_time":147118,"minecraft:deaths":58,"minecraft:sneak_time":9837,"minecraft:jump":588,"minecraft:leave_game":8,"minecraft:time_since_death":1883,"minecraft:climb_one_cm":257,"minecraft:total_world_time":147118,"minecraft:fall_one_cm":7162},"minecraft:killed":{"minecraft:spider":1,"minecraft:warden":2},"minecraft:mined":{"minecraft:deepslate_tiles":2,"minecraft:gray_wool":13,"minecraft:repeater":4,"minecraft:glass_pane":3,"minecraft:comparator":1,"minecraft:redstone_torch":4,"minecraft:sticky_piston":4,"minecraft:sculk_vein":11,"minecraft:soul_lantern":2,"minecraft:lever":1,"minecraft:sculk_shrieker":2,"minecraft:sculk_sensor":1,"minecraft:gray_carpet":55,"minecraft:redstone_wire":36,"minecraft:deepslate_bricks":1,"minecraft:deepslate_tile_stairs":2,"minecraft:sculk":5,"minecraft:deepslate":7,"minecraft:redstone_wall_torch":11,"minecraft:redstone_lamp":11,"minecraft:dark_oak_planks":11},"minecraft:picked_up":{"minecraft:sculk_catalyst":2,"minecraft:repeater":4,"minecraft:redstone_lamp":11,"minecraft:redstone":36,"minecraft:deepslate_tile_stairs":2,"minecraft:dark_oak_planks":11,"apotheosis:warden_tendril":2,"minecraft:sticky_piston":4,"minecraft:deepslate_tiles":2,"minecraft:gray_carpet":53,"minecraft:soul_lantern":2,"minecraft:cobbled_deepslate":7,"minecraft:lever":1,"minecraft:comparator":1,"minecraft:deepslate_bricks":1,"minecraft:redstone_torch":14,"minecraft:gray_wool":13}},"DataVersion":3465}