{"stats":{"minecraft:used":{"minecraft:stone_sword":154,"minecraft:redstone":46,"minecraft:gray_carpet":60,"minecraft:stone_pickaxe":120,"minecraft:chest":1,"minecraft:wooden_pickaxe":24,"minecraft:redstone_block":2,"minecraft:wooden_shovel":30,"minecraft:deepslate_bricks":1,"minecraft:torch":80,"minecraft:golden_apple":1,"minecraft:comparator":1,"minecraft:crafting_table":3,"minecraft:cracked_deepslate_tiles":2,"minecraft:tuff":6,"minecraft:redstone_torch":15,"minecraft:deepslate_tiles":2,"minecraft:sticky_piston":3,"minecraft:dark_oak_planks":6,"minecraft:lever":1,"minecraft:dark_oak_log":1,"minecraft:iron_pickaxe":534,"minecraft:soul_lantern":2,"minecraft:stone_axe":44,"minecraft:repeater":4,"minecraft:redstone_lamp":18,"minecraft:cobblestone":32,"minecraft:furnace":2,"minecraft:deepslate_tile_stairs":4,"minecraft:gray_bed":3,"minecraft:cobbled_deepslate":10,"minecraft:gray_wool":21},"minecraft:dropped":{"minecraft:cobblestone":64,"minecraft:diorite":12,"minecraft:stone_pickaxe":1},"minecraft:broken":{"minecraft:wooden_shovel":1,"minecraft:stone_sword":1,"minecraft:iron_pickaxe":2},"minecraft:crafted":{"minecraft:oak_planks":16,"minecraft:deepslate":24,"minecraft:crafting_table":3,"minecraft:wooden_pickaxe":1,"minecraft:furnace":1,"minecraft:stone_axe":1,"minecraft:air":0,"minecraft:charcoal":13,"minecraft:stick":36,"minecraft:iron_ingot":11,"minecraft:iron_pickaxe":3,"minecraft:stone_pickaxe":1,"minecraft:stone_sword":2,"minecraft:chest":1,"minecraft:torch":76,"minecraft:gray_bed":1},"minecraft:custom":{"minecraft:interact_with_furnace":32,"minecraft:mob_kills":7,"minecraft:interact_with_crafting_table":31,"minecraft:open_barrel":4,"minecraft:interact_with_loom":1,"minecraft:leave_game":10,"minecraft:time_since_death":51299,"minecraft:sleep_in_bed":2,"minecraft:climb_one_cm":1494,"minecraft:time_since_rest":5921,"minecraft:damage_absorbed":40,"minecraft:sprint_one_cm":646107,"minecraft:damage_taken":26275,"minecraft:walk_one_cm":353137,"minecraft:drop":3,"minecraft:damage_dealt":16409,"minecraft:swim_one_cm":504,"minecraft:talked_to_villager":1,"minecraft:fly_one_cm":346201,"minecraft:open_chest":23,"minecraft:crouch_one_cm":36863,"minecraft:play_time":374749,"minecraft:deaths":78,"minecraft:sneak_time":27933,"minecraft:walk_under_water_one_cm":236,"minecraft:jump":3265,"minecraft:interact_with_blast_furnace":1,"minecraft:walk_on_water_one_cm":3914,"minecraft:total_world_time":374749,"minecraft:fall_one_cm":65513},"minecraft:killed":{"minecraft:spider":1,"minecraft:trader_llama":2,"minecraft:warden":3},"minecraft:mined":{"minecraft:dark_oak_planks":35,"minecraft:deepslate_tiles":2,"alexscaves:spelunkery_table":1,"minecraft:tuff":10,"minecraft:redstone_block":2,"minecraft:glass_pane":3,"iceandfire:silver_ore":2,"minecraft:comparator":3,"minecraft:sculk_vein":11,"minecraft:dark_oak_log":2,"minecraft:soul_lantern":2,"minecraft:oak_fence":7,"minecraft:torch":11,"minecraft:lever":1,"minecraft:granite":17,"minecraft:grass_block":1,"minecraft:sculk_sensor":4,"minecraft:redstone_wire":57,"minecraft:deepslate_bricks":1,"minecraft:copper_ore":1,"minecraft:deepslate_tile_stairs":4,"minecraft:oak_planks":13,"minecraft:sculk":8,"minecraft:diorite":12,"minecraft:wall_torch":13,"supplementaries:urn":1,"minecraft:gray_wool":30,"minecraft:repeater":4,"minecraft:furnace":1,"minecraft:iron_ore":1,"minecraft:redstone_torch":4,"minecraft:sticky_piston":4,"minecraft:gray_bed":3,"minecraft:sculk_shrieker":10,"minecraft:cracked_deepslate_tiles":2,"minecraft:coal_ore":12,"minecraft:oak_log":10,"minecraft:deepslate_iron_ore":10,"minecraft:dirt":4,"minecraft:gravel":2,"minecraft:stripped_oak_log":16,"minecraft:gray_carpet":88,"minecraft:stone":459,"minecraft:deepslate":101,"minecraft:redstone_wall_torch":13,"minecraft:redstone_lamp":31},"minecraft:picked_up":{"minecraft:cracked_deepslate_tiles":2,"minecraft:charcoal":3,"minecraft:redstone_block":2,"minecraft:repeater":4,"minecraft:redstone_lamp":31,"minecraft:leather":1,"minecraft:tuff":10,"minecraft:oak_log":8,"minecraft:raw_copper":4,"apotheosis:warden_tendril":4,"minecraft:sticky_piston":4,"minecraft:gray_carpet":85,"minecraft:deepslate_tiles":2,"minecraft:cobbled_deepslate":101,"minecraft:comparator":3,"minecraft:redstone_torch":16,"minecraft:gray_bed":3,"minecraft:oak_planks":13,"minecraft:furnace":1,"minecraft:sculk_catalyst":3,"minecraft:stick":2,"minecraft:raw_iron":11,"minecraft:oak_fence":9,"minecraft:torch":25,"minecraft:gravel":2,"minecraft:diorite":12,"minecraft:redstone":64,"minecraft:deepslate_tile_stairs":4,"minecraft:dark_oak_log":2,"minecraft:dark_oak_planks":35,"minecraft:soul_lantern":2,"minecraft:lever":1,"minecraft:deepslate_bricks":1,"minecraft:granite":17,"alexscaves:spelunkery_table":1,"minecraft:gray_wool":28,"minecraft:emerald":1,"minecraft:coal":12,"iceandfire:raw_silver":2,"minecraft:cobblestone":396,"minecraft:stripped_oak_log":16}},"DataVersion":3465}