{"stats":{"minecraft:custom":{"minecraft:interact_with_crafting_table":83,"minecraft:open_barrel":70,"minecraft:leave_game":16,"minecraft:time_since_death":7543,"minecraft:damage_resisted":0,"minecraft:sprint_one_cm":1986476,"minecraft:drop":114,"minecraft:talked_to_villager":1,"minecraft:play_time":648174,"minecraft:deaths":90,"minecraft:jump":8258,"minecraft:interact_with_brewingstand":5,"minecraft:walk_on_water_one_cm":37238,"minecraft:interact_with_furnace":33,"minecraft:traded_with_villager":73,"minecraft:interact_with_loom":1,"minecraft:sleep_in_bed":22,"minecraft:waystone_activated":2,"minecraft:damage_dealt":30546,"minecraft:crouch_one_cm":42276,"minecraft:interact_with_anvil":1,"minecraft:mob_kills":96,"minecraft:damage_dealt_resisted":2850,"minecraft:climb_one_cm":13726,"minecraft:walk_one_cm":731087,"minecraft:sneak_time":30708,"minecraft:walk_under_water_one_cm":18991,"minecraft:interact_with_blast_furnace":1,"minecraft:total_world_time":648174,"minecraft:time_since_rest":7568,"minecraft:damage_taken":34309,"minecraft:damage_absorbed":40,"minecraft:trigger_trapped_chest":2,"minecraft:swim_one_cm":138366,"minecraft:fly_one_cm":1670597,"minecraft:open_chest":115,"minecraft:fall_one_cm":219383},"minecraft:crafted":{"minecraft:oak_planks":1332,"irons_spellbooks:iron_spell_book":1,"minecraft:chain":3,"sophisticatedbackpacks:crafting_upgrade":1,"minecraft:bookshelf":2,"minecraft:iron_boots":2,"minecraft:chest":7,"minecraft:gray_bed":2,"minecraft:oak_slab":18,"minecraft:deepslate":24,"sophisticatedbackpacks:backpack":1,"minecraft:emerald":73,"minecraft:crafting_table":9,"minecraft:wooden_pickaxe":1,"minecraft:iron_helmet":2,"minecraft:fletching_table":4,"sophisticatedbackpacks:upgrade_base":1,"minecraft:lectern":2,"minecraft:iron_chestplate":2,"minecraft:charcoal":13,"minecraft:shield":1,"minecraft:stick":2382,"minecraft:iron_ingot":29,"minecraft:iron_pickaxe":3,"minecraft:stone_sword":3,"minecraft:gold_ingot":27,"mca:blueprint":1,"minecraft:coal":18,"minecraft:iron_nugget":9,"minecraft:furnace":1,"minecraft:stone_pickaxe":1,"minecraft:wheat":262,"sophisticatedbackpacks:iron_backpack":1,"minecraft:iron_sword":1,"sophisticatedbackpacks:gold_backpack":1,"minecraft:stone_axe":1,"minecraft:bread":57,"minecraft:air":0,"minecraft:blue_dye":1,"minecraft:iron_shovel":1,"minecraft:iron_leggings":2,"minecraft:torch":148},"minecraft:broken":{"minecraft:wooden_shovel":1,"minecraft:stone_sword":1,"minecraft:iron_axe":1,"minecraft:iron_pickaxe":2,"minecraft:iron_helmet":1},"minecraft:used":{"minecraft:beetroot":8,"minecraft:writable_book":1,"minecraft:iron_shovel":61,"minecraft:chest":5,"minecraft:iron_sword":1,"minecraft:iron_chestplate":2,"minecraft:mutton":2,"minecraft:carrot":23,"minecraft:cracked_deepslate_tiles":2,"minecraft:deepslate_brick_slab":1,"minecraft:tuff":6,"farmersdelight:tomato":3,"minecraft:lantern":2,"minecraft:iron_helmet":1,"minecraft:repeater":4,"minecraft:redstone_lamp":18,"minecraft:sweet_berries":5,"minecraft:furnace":2,"minecraft:oak_sapling":4,"minecraft:gray_bed":13,"minecraft:leather_leggings":1,"minecraft:gray_carpet":60,"minecraft:stone_pickaxe":120,"minecraft:oak_planks":26,"minecraft:wooden_pickaxe":38,"minecraft:leather_chestplate":2,"minecraft:redstone_block":2,"minecraft:golden_apple":1,"minecraft:deepslate_tiles":2,"minecraft:redstone_torch":15,"minecraft:sticky_piston":3,"waystones:waystone":1,"minecraft:lever":1,"minecraft:dark_oak_log":1,"minecraft:bread":75,"minecraft:lectern":4,"minecraft:gravel":62,"minecraft:soul_lantern":2,"born_in_chaos_v1:river_mint":1,"born_in_chaos_v1:dark_ritual_dagger":19,"minecraft:trident":209,"minecraft:stone_sword":189,"minecraft:flint_and_steel":6,"minecraft:armor_stand":1,"minecraft:redstone":46,"minecraft:wooden_shovel":30,"minecraft:torch":162,"minecraft:dirt":19,"minecraft:spruce_fence":1,"minecraft:dark_oak_planks":6,"minecraft:iron_axe":229,"minecraft:golden_carrot":2,"minecraft:deepslate_tile_stairs":4,"minecraft:cobbled_deepslate":10,"minecraft:water_bucket":4,"minecraft:fletching_table":8,"minecraft:deepslate_bricks":1,"minecraft:comparator":1,"minecraft:tnt":4,"minecraft:oak_slab":6,"minecraft:crafting_table":11,"minecraft:white_bed":9,"minecraft:oak_log":3,"minecraft:apple":4,"minecraft:iron_pickaxe":628,"minecraft:stone_axe":50,"minecraft:crimson_fungus":1,"minecraft:cobblestone":186,"minecraft:bucket":5,"minecraft:pumpkin_pie":3,"minecraft:gray_wool":21,"minecraft:chainmail_leggings":1},"minecraft:picked_up":{"irons_spellbooks:scroll":1,"minecraft:iron_chestplate":3,"minecraft:wheat":8,"minecraft:redstone_block":2,"minecraft:flower_pot":1,"minecraft:enchanted_book":2,"minecraft:string":58,"minecraft:raw_copper":4,"minecraft:iron_leggings":3,"minecraft:armor_stand":5,"minecraft:sticky_piston":4,"irons_spellbooks:arcane_essence":4,"minecraft:deepslate_tiles":2,"minecraft:cobbled_deepslate":101,"minecraft:comparator":3,"minecraft:spruce_planks":1,"minecraft:redstone_torch":16,"born_in_chaos_v1:stimulating_decoction":1,"minecraft:coal_block":18,"minecraft:iron_boots":4,"minecraft:furnace":1,"minecraft:stick":34,"apotheosis:gem":3,"born_in_chaos_v1:shattered_skull":1,"minecraft:oak_fence":9,"minecraft:torch":33,"minecraft:spruce_stairs":4,"minecraft:porkchop":1,"minecraft:diorite":12,"irons_spellbooks:fire_rune":1,"minecraft:deepslate_tile_stairs":4,"minecraft:stone_sword":1,"minecraft:rotten_flesh":9,"iceandfire:fire_dragon_heart":1,"minecraft:iron_block":4,"supplementaries:ash":1,"minecraft:cobblestone":413,"minecraft:leather_chestplate":9,"minecraft:feather":1,"minecraft:repeater":4,"born_in_chaos_v1:spiritual_dust":3,"minecraft:flint":8,"minecraft:tuff":10,"farmersdelight:tomato":3,"minecraft:dirt":23,"iceandfire:dragonscales_bronze":15,"minecraft:lantern":2,"minecraft:bone":20,"minecraft:bow":2,"minecraft:wheat_seeds":4,"minecraft:deepslate_brick_slab":1,"minecraft:fletching_table":4,"minecraft:oak_planks":27,"irons_spellbooks:frozen_bone":10,"iceandfire:dragon_skull_fire":1,"minecraft:dark_oak_log":2,"minecraft:lever":1,"minecraft:soul_lantern":2,"waystones:waystone":3,"minecraft:writable_book":3,"minecraft:granite":17,"minecraft:bread":2,"minecraft:emerald":3,"minecraft:oak_sapling":100,"minecraft:dark_oak_fence":2,"minecraft:andesite_slab":2,"iceandfire:raw_silver":12,"minecraft:charcoal":3,"minecraft:crafting_table":3,"born_in_chaos_v1:river_mint":1,"born_in_chaos_v1:seedof_chaos":5,"minecraft:redstone_lamp":31,"minecraft:leather_leggings":8,"minecraft:stone_brick_wall":1,"minecraft:gold_block":3,"minecraft:chain":3,"minecraft:cornflower":1,"minecraft:oak_trapdoor":1,"minecraft:iron_axe":1,"minecraft:wooden_sword":1,"minecraft:white_carpet":5,"born_in_chaos_v1:intoxicating_decoction":2,"minecraft:item_frame":5,"minecraft:beef":10,"minecraft:spruce_slab":4,"minecraft:lectern":2,"minecraft:birch_sapling":2,"minecraft:spruce_trapdoor":4,"minecraft:raw_iron":14,"iceandfire:dragonbone":4,"minecraft:spruce_fence":9,"farmersdelight:tomato_seeds":6,"born_in_chaos_v1:pieceofdarkmetal":11,"minecraft:redstone":64,"minecraft:dark_oak_planks":35,"minecraft:tnt":4,"minecraft:arrow":10,"minecraft:deepslate_bricks":1,"minecraft:diamond_boots":6,"minecraft:hay_block":46,"alexscaves:spelunkery_table":1,"minecraft:saddle":4,"minecraft:mutton":2,"minecraft:white_wool":3,"minecraft:cracked_deepslate_tiles":2,"minecraft:stripped_oak_log":16,"born_in_chaos_v1:corpse_maggot":8,"farmersdelight:rich_soil":4,"minecraft:leather":13,"minecraft:crimson_fungus":1,"minecraft:oak_log":397,"minecraft:paper":2,"apotheosis:warden_tendril":4,"irons_spellbooks:common_ink":1,"minecraft:apple":4,"minecraft:gray_carpet":85,"minecraft:gray_bed":11,"minecraft:iron_sword":3,"iceandfire:fire_dragon_flesh":1,"minecraft:book":7,"minecraft:sculk_catalyst":3,"born_in_chaos_v1:orbofthe_summoner":1,"minecraft:gravel":76,"minecraft:white_bed":10,"graveyard:middle_bone_staff":1,"minecraft:spider_eye":6,"minecraft:leather_helmet":9,"minecraft:iron_helmet":3,"minecraft:gray_wool":28,"minecraft:coal":12},"minecraft:mined":{"minecraft:dark_oak_planks":35,"minecraft:spruce_planks":1,"minecraft:white_bed":10,"farmersdelight:rich_soil":4,"minecraft:sculk_vein":11,"minecraft:potted_crimson_fungus":1,"minecraft:granite":17,"minecraft:grass_block":4,"born_in_chaos_v1:dark_metal_deposit":7,"minecraft:stone_brick_wall":1,"minecraft:deepslate_bricks":1,"minecraft:coal_block":18,"minecraft:deepslate_tile_stairs":4,"minecraft:spawner":8,"minecraft:chiseled_stone_bricks":1,"minecraft:iron_ore":4,"minecraft:sticky_piston":4,"minecraft:fletching_table":5,"minecraft:sculk_shrieker":10,"minecraft:iron_block":4,"graveyard:middle_bone_staff":1,"minecraft:soul_lantern":2,"minecraft:torch":14,"minecraft:cobblestone":12,"minecraft:oak_planks":14,"minecraft:wall_torch":18,"minecraft:chain":3,"minecraft:repeater":4,"minecraft:tnt":6,"minecraft:smooth_stone_slab":1,"minecraft:grass":11,"minecraft:cracked_deepslate_tiles":2,"minecraft:oak_log":152,"minecraft:dirt":11,"minecraft:sand":1,"minecraft:oak_leaves":13,"minecraft:deepslate":101,"minecraft:redstone_lamp":31,"minecraft:suspicious_gravel":1,"minecraft:deepslate_tiles":2,"alexscaves:spelunkery_table":1,"minecraft:tuff":10,"iceandfire:silver_ore":12,"minecraft:dark_oak_log":2,"minecraft:lever":1,"minecraft:dark_oak_fence":2,"minecraft:spruce_fence":4,"minecraft:redstone_wire":57,"minecraft:red_mushroom":1,"farmersdelight:red_mushroom_colony":1,"minecraft:hay_block":41,"minecraft:deepslate_brick_slab":1,"minecraft:oak_trapdoor":2,"minecraft:furnace":1,"minecraft:gold_block":3,"minecraft:bookshelf":3,"minecraft:deepslate_iron_ore":10,"minecraft:stripped_oak_log":16,"minecraft:stone":466,"minecraft:redstone_wall_torch":13,"minecraft:redstone_block":2,"minecraft:glass_pane":4,"minecraft:comparator":3,"minecraft:oak_fence":9,"minecraft:crafting_table":3,"minecraft:cornflower":1,"minecraft:lectern":2,"minecraft:andesite_slab":2,"minecraft:sculk_sensor":4,"minecraft:tall_grass":4,"minecraft:copper_ore":1,"farmersdelight:wild_tomatoes":7,"minecraft:sculk":8,"minecraft:diorite":12,"supplementaries:urn":1,"minecraft:gray_wool":30,"minecraft:redstone_torch":4,"minecraft:gray_bed":12,"minecraft:birch_leaves":1,"minecraft:coal_ore":12,"minecraft:gravel":85,"minecraft:gray_carpet":88,"minecraft:cobweb":37,"minecraft:cracked_stone_bricks":1,"minecraft:stone_bricks":1},"minecraft:killed":{"minecraft:cave_spider":7,"irons_spellbooks:pyromancer":1,"minecraft:spider":14,"born_in_chaos_v1:baby_skeleton_minion":8,"minecraft:chicken":1,"born_in_chaos_v1:supreme_bonescaller_stage_2":1,"minecraft:pig":1,"minecraft:creeper":1,"minecraft:trader_llama":2,"minecraft:pillager":2,"minecraft:zombie":4,"minecraft:stray":10,"minecraft:cow":4,"minecraft:vex":5,"born_in_chaos_v1:zombie_clown_not_despawn":1,"alexsmobs:raccoon":1,"minecraft:vindicator":1,"born_in_chaos_v1:skeleton_thrasher_not_despawn":1,"born_in_chaos_v1:maggot":1,"minecraft:drowned":2,"minecraft:warden":3,"born_in_chaos_v1:bone_imp_minion":15,"alexsmobs:catfish":1,"born_in_chaos_v1:bonescaller_not_despawn":2},"minecraft:dropped":{"minecraft:iron_sword":3,"minecraft:porkchop":1,"minecraft:oak_log":4,"minecraft:saddle":2,"minecraft:leather_helmet":6,"minecraft:item_frame":5,"minecraft:dirt":2,"minecraft:dark_oak_fence":2,"minecraft:wooden_sword":3,"minecraft:white_wool":1,"minecraft:gravel":12,"minecraft:birch_sapling":2,"minecraft:rotten_flesh":4,"minecraft:oak_planks":7,"minecraft:leather_chestplate":9,"supplementaries:ash":1,"born_in_chaos_v1:corpse_maggot":8,"minecraft:stone_brick_wall":1,"minecraft:leather_leggings":6,"minecraft:spruce_slab":4,"minecraft:arrow":1,"minecraft:beef":10,"minecraft:bread":6,"farmersdelight:tomato_seeds":6,"minecraft:enchanted_book":1,"minecraft:oak_slab":4,"born_in_chaos_v1:intoxicating_decoction":1,"minecraft:wheat_seeds":3,"born_in_chaos_v1:shattered_skull":1,"minecraft:feather":1,"minecraft:cobblestone":161,"minecraft:spruce_stairs":4,"minecraft:stick":1,"minecraft:diorite":12,"minecraft:potion":3,"minecraft:iron_leggings":1,"minecraft:paper":2,"minecraft:string":1,"farmersdelight:rich_soil":4,"minecraft:oak_trapdoor":1,"minecraft:stone_sword":2,"minecraft:white_carpet":5,"minecraft:iron_boots":2,"minecraft:spruce_fence":8,"minecraft:hay_block":5,"minecraft:spruce_trapdoor":4,"minecraft:spruce_planks":1,"minecraft:oak_sapling":48,"minecraft:spider_eye":3,"minecraft:diamond_boots":3,"minecraft:bow":1,"minecraft:stone_pickaxe":1}},"DataVersion":3465}