{"stats":{"minecraft:picked_up":{"minecraft:redstone_torch":5,"minecraft:gray_carpet":16,"minecraft:redstone":1},"minecraft:used":{"minecraft:redstone_torch":4,"minecraft:redstone":1,"minecraft:gray_carpet":1},"minecraft:mined":{"minecraft:glass_pane":1,"minecraft:redstone_wire":1,"minecraft:redstone_wall_torch":5,"minecraft:gray_carpet":19},"minecraft:custom":{"minecraft:jump":37,"minecraft:time_since_rest":3176,"minecraft:damage_taken":2250,"minecraft:crouch_one_cm":5114,"minecraft:leave_game":2,"minecraft:sprint_one_cm":42862,"minecraft:play_time":46727,"minecraft:walk_one_cm":19393,"minecraft:time_since_death":585,"minecraft:deaths":7,"minecraft:sneak_time":2747,"minecraft:total_world_time":46727,"minecraft:fly_one_cm":5571}},"DataVersion":3465}