{"stats":{"minecraft:used":{"minecraft:beetroot":8,"minecraft:stone_sword":154,"minecraft:redstone":46,"minecraft:chest":1,"minecraft:wooden_shovel":30,"minecraft:torch":82,"minecraft:cracked_deepslate_tiles":2,"minecraft:deepslate_brick_slab":1,"minecraft:tuff":6,"minecraft:dark_oak_planks":6,"farmersdelight:tomato":3,"minecraft:repeater":4,"minecraft:redstone_lamp":18,"minecraft:furnace":2,"minecraft:deepslate_tile_stairs":4,"minecraft:gray_bed":3,"minecraft:cobbled_deepslate":10,"minecraft:stone_pickaxe":120,"minecraft:gray_carpet":60,"minecraft:wooden_pickaxe":36,"minecraft:redstone_block":2,"minecraft:deepslate_bricks":1,"minecraft:golden_apple":1,"minecraft:comparator":1,"minecraft:crafting_table":4,"minecraft:tnt":1,"minecraft:deepslate_tiles":2,"minecraft:redstone_torch":15,"minecraft:sticky_piston":3,"minecraft:lever":1,"minecraft:dark_oak_log":1,"minecraft:bread":4,"minecraft:iron_pickaxe":535,"minecraft:soul_lantern":2,"minecraft:stone_axe":50,"minecraft:cobblestone":79,"minecraft:gray_wool":21},"minecraft:dropped":{"farmersdelight:tomato_seeds":6,"minecraft:cobblestone":64,"minecraft:diorite":12,"minecraft:stone_pickaxe":1},"minecraft:broken":{"minecraft:wooden_shovel":1,"minecraft:stone_sword":1,"minecraft:iron_pickaxe":2},"minecraft:custom":{"minecraft:mob_kills":7,"minecraft:interact_with_crafting_table":35,"minecraft:open_barrel":4,"minecraft:leave_game":10,"minecraft:time_since_death":63299,"minecraft:climb_one_cm":2531,"minecraft:sprint_one_cm":701209,"minecraft:walk_one_cm":365101,"minecraft:drop":4,"minecraft:talked_to_villager":1,"minecraft:play_time":386749,"minecraft:deaths":78,"minecraft:sneak_time":29370,"minecraft:walk_under_water_one_cm":300,"minecraft:jump":3499,"minecraft:interact_with_blast_furnace":1,"minecraft:walk_on_water_one_cm":4383,"minecraft:total_world_time":386749,"minecraft:interact_with_furnace":32,"minecraft:interact_with_loom":1,"minecraft:sleep_in_bed":3,"minecraft:time_since_rest":5125,"minecraft:damage_taken":26488,"minecraft:damage_absorbed":40,"minecraft:trigger_trapped_chest":1,"minecraft:damage_dealt":16409,"minecraft:swim_one_cm":3487,"minecraft:fly_one_cm":409483,"minecraft:open_chest":38,"minecraft:crouch_one_cm":40408,"minecraft:fall_one_cm":74588},"minecraft:crafted":{"minecraft:oak_planks":28,"minecraft:furnace":1,"minecraft:stone_pickaxe":1,"minecraft:chest":1,"minecraft:gray_bed":1,"minecraft:wheat":54,"minecraft:deepslate":24,"minecraft:crafting_table":4,"minecraft:wooden_pickaxe":1,"minecraft:stone_axe":1,"minecraft:bread":18,"minecraft:air":0,"minecraft:charcoal":13,"minecraft:stick":36,"minecraft:iron_ingot":11,"minecraft:iron_pickaxe":3,"minecraft:stone_sword":2,"minecraft:torch":76},"minecraft:killed":{"minecraft:spider":1,"minecraft:warden":3,"minecraft:trader_llama":2},"minecraft:mined":{"minecraft:dark_oak_planks":35,"minecraft:deepslate_tiles":2,"alexscaves:spelunkery_table":1,"minecraft:tuff":10,"iceandfire:silver_ore":2,"minecraft:sculk_vein":11,"minecraft:dark_oak_log":2,"minecraft:granite":17,"minecraft:lever":1,"minecraft:grass_block":1,"minecraft:redstone_wire":57,"minecraft:deepslate_bricks":1,"minecraft:deepslate_tile_stairs":4,"minecraft:hay_block":10,"minecraft:deepslate_brick_slab":1,"minecraft:furnace":1,"minecraft:iron_ore":1,"minecraft:sticky_piston":4,"minecraft:sculk_shrieker":10,"minecraft:bookshelf":1,"minecraft:deepslate_iron_ore":10,"minecraft:stripped_oak_log":16,"minecraft:stone":459,"minecraft:redstone_wall_torch":13,"minecraft:redstone_block":2,"minecraft:glass_pane":3,"minecraft:comparator":3,"minecraft:soul_lantern":2,"minecraft:oak_fence":7,"minecraft:crafting_table":1,"minecraft:torch":11,"minecraft:sculk_sensor":4,"minecraft:copper_ore":1,"farmersdelight:wild_tomatoes":7,"minecraft:oak_planks":14,"minecraft:sculk":8,"minecraft:diorite":12,"minecraft:wall_torch":15,"supplementaries:urn":1,"minecraft:gray_wool":30,"minecraft:repeater":4,"minecraft:redstone_torch":4,"minecraft:gray_bed":3,"minecraft:tnt":3,"minecraft:grass":4,"minecraft:cracked_deepslate_tiles":2,"minecraft:oak_log":10,"minecraft:coal_ore":12,"minecraft:gravel":2,"minecraft:dirt":4,"minecraft:gray_carpet":88,"minecraft:deepslate":101,"minecraft:redstone_lamp":31},"minecraft:picked_up":{"minecraft:charcoal":3,"minecraft:crafting_table":1,"minecraft:redstone_block":2,"minecraft:redstone_lamp":31,"minecraft:raw_copper":4,"minecraft:sticky_piston":4,"minecraft:deepslate_tiles":2,"minecraft:cobbled_deepslate":101,"minecraft:comparator":3,"minecraft:redstone_torch":16,"minecraft:furnace":1,"minecraft:stick":2,"minecraft:raw_iron":11,"minecraft:oak_fence":9,"minecraft:torch":27,"farmersdelight:tomato_seeds":6,"minecraft:diorite":12,"minecraft:redstone":64,"minecraft:deepslate_tile_stairs":4,"minecraft:dark_oak_planks":35,"minecraft:tnt":1,"minecraft:deepslate_bricks":1,"minecraft:hay_block":10,"alexscaves:spelunkery_table":1,"minecraft:cobblestone":396,"minecraft:cracked_deepslate_tiles":2,"minecraft:stripped_oak_log":16,"minecraft:repeater":4,"minecraft:leather":1,"minecraft:tuff":10,"minecraft:oak_log":8,"farmersdelight:tomato":3,"apotheosis:warden_tendril":4,"minecraft:gray_carpet":85,"minecraft:wheat_seeds":1,"minecraft:deepslate_brick_slab":1,"minecraft:gray_bed":3,"minecraft:oak_planks":14,"minecraft:sculk_catalyst":3,"minecraft:gravel":2,"minecraft:dark_oak_log":2,"minecraft:soul_lantern":2,"minecraft:lever":1,"minecraft:granite":17,"minecraft:gray_wool":28,"minecraft:emerald":1,"minecraft:coal":12,"iceandfire:raw_silver":2}},"DataVersion":3465}