{"stats":{"minecraft:crafted":{"minecraft:deepslate":24},"minecraft:picked_up":{"minecraft:repeater":4,"minecraft:gray_carpet":28,"minecraft:redstone_lamp":5,"minecraft:comparator":1,"minecraft:redstone_torch":12,"minecraft:redstone":20},"minecraft:used":{"minecraft:redstone_torch":10,"minecraft:comparator":1,"minecraft:redstone_lamp":5,"minecraft:gray_carpet":18,"minecraft:redstone":15},"minecraft:mined":{"minecraft:repeater":4,"minecraft:glass_pane":3,"minecraft:comparator":1,"minecraft:redstone_wire":20,"minecraft:gray_carpet":30,"minecraft:redstone_torch":3,"minecraft:sculk_vein":1,"minecraft:redstone_wall_torch":9,"minecraft:redstone_lamp":5},"minecraft:custom":{"minecraft:time_since_rest":4999,"minecraft:interact_with_furnace":2,"minecraft:crouch_one_cm":5338,"minecraft:play_time":58727,"minecraft:sprint_one_cm":78479,"minecraft:deaths":11,"minecraft:damage_taken":3300,"minecraft:walk_one_cm":44871,"minecraft:sneak_time":2933,"minecraft:jump":81,"minecraft:leave_game":2,"minecraft:time_since_death":4975,"minecraft:climb_one_cm":28,"minecraft:total_world_time":58727,"minecraft:fly_one_cm":14019}},"DataVersion":3465}