{"stats":{"minecraft:crafted":{"minecraft:deepslate":24},"minecraft:picked_up":{"minecraft:sticky_piston":2,"minecraft:repeater":4,"minecraft:gray_carpet":28,"minecraft:redstone_lamp":6,"minecraft:comparator":1,"minecraft:redstone_torch":12,"minecraft:gray_wool":6,"minecraft:redstone":35},"minecraft:used":{"minecraft:sticky_piston":2,"minecraft:redstone_torch":11,"minecraft:repeater":4,"minecraft:redstone_lamp":5,"minecraft:comparator":1,"minecraft:redstone":34,"minecraft:gray_carpet":22,"minecraft:gray_wool":6},"minecraft:mined":{"minecraft:gray_wool":6,"minecraft:repeater":4,"minecraft:glass_pane":3,"minecraft:comparator":1,"minecraft:redstone_wire":35,"minecraft:gray_carpet":30,"minecraft:redstone_torch":4,"minecraft:sticky_piston":2,"minecraft:sculk_vein":2,"minecraft:redstone_lamp":6,"minecraft:redstone_wall_torch":9},"minecraft:custom":{"minecraft:time_since_rest":9305,"minecraft:damage_taken":3575,"minecraft:interact_with_furnace":2,"minecraft:crouch_one_cm":6253,"minecraft:play_time":68242,"minecraft:sprint_one_cm":118825,"minecraft:deaths":12,"minecraft:walk_one_cm":55691,"minecraft:sneak_time":3420,"minecraft:jump":147,"minecraft:leave_game":4,"minecraft:time_since_death":9273,"minecraft:climb_one_cm":229,"minecraft:total_world_time":68242,"minecraft:fall_one_cm":1713,"minecraft:fly_one_cm":26411}},"DataVersion":3465}