{"stats":{"minecraft:used":{"minecraft:stone_sword":154,"minecraft:redstone":46,"minecraft:gray_carpet":60,"minecraft:stone_pickaxe":28,"minecraft:chest":1,"minecraft:wooden_pickaxe":14,"minecraft:redstone_block":1,"minecraft:wooden_shovel":30,"minecraft:deepslate_bricks":1,"minecraft:torch":8,"minecraft:comparator":1,"minecraft:crafting_table":1,"minecraft:redstone_torch":15,"minecraft:deepslate_tiles":2,"minecraft:sticky_piston":3,"minecraft:lever":1,"minecraft:dark_oak_log":1,"minecraft:soul_lantern":2,"minecraft:repeater":4,"minecraft:redstone_lamp":18,"minecraft:deepslate_tile_stairs":4,"minecraft:gray_wool":12},"minecraft:broken":{"minecraft:wooden_shovel":1,"minecraft:stone_sword":1},"minecraft:crafted":{"minecraft:deepslate":24,"minecraft:crafting_table":1,"minecraft:wooden_pickaxe":1,"minecraft:charcoal":1,"minecraft:stick":8,"minecraft:stone_pickaxe":1,"minecraft:stone_sword":2,"minecraft:chest":1,"minecraft:torch":4,"minecraft:gray_bed":1},"minecraft:custom":{"minecraft:interact_with_furnace":12,"minecraft:mob_kills":7,"minecraft:interact_with_crafting_table":9,"minecraft:leave_game":10,"minecraft:time_since_death":26946,"minecraft:climb_one_cm":1122,"minecraft:time_since_rest":26975,"minecraft:sprint_one_cm":563408,"minecraft:damage_taken":25855,"minecraft:walk_one_cm":267816,"minecraft:damage_dealt":16409,"minecraft:talked_to_villager":1,"minecraft:fly_one_cm":275252,"minecraft:open_chest":21,"minecraft:crouch_one_cm":29756,"minecraft:play_time":290749,"minecraft:deaths":76,"minecraft:sneak_time":22509,"minecraft:jump":2217,"minecraft:total_world_time":290749,"minecraft:fall_one_cm":45721},"minecraft:killed":{"minecraft:spider":1,"minecraft:trader_llama":2,"minecraft:warden":3},"minecraft:mined":{"minecraft:dark_oak_planks":28,"minecraft:deepslate_tiles":2,"minecraft:redstone_block":2,"minecraft:glass_pane":3,"minecraft:comparator":3,"minecraft:sculk_vein":11,"minecraft:dark_oak_log":2,"minecraft:soul_lantern":2,"minecraft:torch":4,"minecraft:lever":1,"minecraft:sculk_sensor":4,"minecraft:redstone_wire":57,"minecraft:deepslate_bricks":1,"minecraft:deepslate_tile_stairs":4,"minecraft:sculk":7,"minecraft:wall_torch":3,"supplementaries:urn":1,"minecraft:gray_wool":25,"minecraft:repeater":4,"minecraft:redstone_torch":4,"minecraft:sticky_piston":4,"minecraft:sculk_shrieker":10,"minecraft:cracked_deepslate_tiles":2,"minecraft:gray_carpet":88,"minecraft:deepslate":9,"minecraft:redstone_wall_torch":13,"minecraft:redstone_lamp":31},"minecraft:picked_up":{"minecraft:cracked_deepslate_tiles":2,"minecraft:redstone_block":2,"minecraft:repeater":4,"minecraft:redstone_lamp":31,"minecraft:leather":1,"apotheosis:warden_tendril":4,"minecraft:sticky_piston":4,"minecraft:gray_carpet":85,"minecraft:deepslate_tiles":2,"minecraft:cobbled_deepslate":9,"minecraft:comparator":3,"minecraft:redstone_torch":16,"minecraft:sculk_catalyst":3,"minecraft:torch":7,"minecraft:redstone":64,"minecraft:deepslate_tile_stairs":4,"minecraft:dark_oak_log":2,"minecraft:dark_oak_planks":28,"minecraft:soul_lantern":2,"minecraft:lever":1,"minecraft:deepslate_bricks":1,"minecraft:gray_wool":25,"minecraft:emerald":1}},"DataVersion":3465}