{"stats":{"minecraft:custom":{"minecraft:mob_kills":57,"minecraft:interact_with_crafting_table":52,"minecraft:open_barrel":57,"minecraft:damage_dealt_resisted":1010,"minecraft:leave_game":13,"minecraft:time_since_death":99,"minecraft:climb_one_cm":9446,"minecraft:damage_resisted":0,"minecraft:sprint_one_cm":1266068,"minecraft:walk_one_cm":528471,"minecraft:drop":15,"minecraft:talked_to_villager":1,"minecraft:play_time":493502,"minecraft:deaths":82,"minecraft:sneak_time":30205,"minecraft:walk_under_water_one_cm":5661,"minecraft:jump":5593,"minecraft:interact_with_brewingstand":4,"minecraft:interact_with_blast_furnace":1,"minecraft:walk_on_water_one_cm":11825,"minecraft:total_world_time":493502,"minecraft:interact_with_furnace":33,"minecraft:interact_with_loom":1,"minecraft:sleep_in_bed":13,"minecraft:time_since_rest":123,"minecraft:waystone_activated":1,"minecraft:damage_taken":30179,"minecraft:damage_absorbed":40,"minecraft:trigger_trapped_chest":2,"minecraft:damage_dealt":24172,"minecraft:swim_one_cm":62685,"minecraft:fly_one_cm":941806,"minecraft:open_chest":102,"minecraft:crouch_one_cm":41525,"minecraft:fall_one_cm":137958},"minecraft:used":{"minecraft:beetroot":8,"minecraft:writable_book":1,"minecraft:trident":128,"minecraft:stone_sword":189,"minecraft:flint_and_steel":6,"minecraft:redstone":46,"minecraft:chest":1,"minecraft:iron_sword":1,"minecraft:wooden_shovel":30,"minecraft:torch":114,"minecraft:carrot":14,"minecraft:deepslate_brick_slab":1,"minecraft:cracked_deepslate_tiles":2,"minecraft:tuff":6,"minecraft:dark_oak_planks":6,"farmersdelight:tomato":3,"minecraft:iron_axe":32,"minecraft:iron_helmet":1,"minecraft:repeater":4,"minecraft:redstone_lamp":18,"minecraft:golden_carrot":2,"minecraft:sweet_berries":5,"minecraft:gray_bed":13,"minecraft:deepslate_tile_stairs":4,"minecraft:furnace":2,"minecraft:cobbled_deepslate":10,"minecraft:water_bucket":4,"minecraft:stone_pickaxe":120,"minecraft:gray_carpet":60,"minecraft:wooden_pickaxe":38,"minecraft:redstone_block":2,"minecraft:deepslate_bricks":1,"minecraft:golden_apple":1,"minecraft:crafting_table":9,"minecraft:comparator":1,"minecraft:tnt":1,"minecraft:white_bed":3,"minecraft:redstone_torch":15,"minecraft:deepslate_tiles":2,"minecraft:sticky_piston":3,"minecraft:lever":1,"minecraft:dark_oak_log":1,"minecraft:bread":42,"minecraft:iron_pickaxe":580,"minecraft:soul_lantern":2,"minecraft:stone_axe":50,"minecraft:cobblestone":162,"born_in_chaos_v1:river_mint":1,"minecraft:bucket":5,"minecraft:pumpkin_pie":3,"minecraft:gray_wool":21},"minecraft:mined":{"minecraft:dark_oak_planks":35,"minecraft:deepslate_tiles":2,"alexscaves:spelunkery_table":1,"minecraft:tuff":10,"minecraft:spruce_planks":1,"minecraft:white_bed":3,"iceandfire:silver_ore":12,"minecraft:sculk_vein":11,"minecraft:dark_oak_log":2,"minecraft:granite":17,"minecraft:lever":1,"minecraft:grass_block":4,"minecraft:redstone_wire":57,"minecraft:coal_block":2,"minecraft:deepslate_bricks":1,"minecraft:deepslate_tile_stairs":4,"minecraft:chiseled_stone_bricks":1,"minecraft:spawner":7,"minecraft:hay_block":19,"minecraft:deepslate_brick_slab":1,"minecraft:furnace":1,"minecraft:iron_ore":4,"minecraft:sticky_piston":4,"minecraft:gold_block":3,"minecraft:sculk_shrieker":10,"minecraft:bookshelf":3,"minecraft:deepslate_iron_ore":10,"minecraft:stripped_oak_log":16,"minecraft:stone":466,"minecraft:iron_block":3,"minecraft:redstone_wall_torch":13,"minecraft:redstone_block":2,"minecraft:glass_pane":3,"minecraft:comparator":3,"graveyard:middle_bone_staff":1,"minecraft:soul_lantern":2,"minecraft:oak_fence":9,"minecraft:crafting_table":3,"minecraft:torch":13,"minecraft:andesite_slab":2,"minecraft:sculk_sensor":4,"minecraft:copper_ore":1,"minecraft:cobblestone":2,"farmersdelight:wild_tomatoes":7,"minecraft:oak_planks":14,"minecraft:sculk":8,"minecraft:diorite":12,"minecraft:wall_torch":15,"supplementaries:urn":1,"minecraft:gray_wool":30,"minecraft:repeater":4,"minecraft:redstone_torch":4,"minecraft:gray_bed":12,"minecraft:tnt":6,"minecraft:smooth_stone_slab":1,"minecraft:grass":7,"minecraft:cracked_deepslate_tiles":2,"minecraft:oak_log":25,"minecraft:coal_ore":12,"minecraft:gravel":2,"minecraft:dirt":4,"minecraft:gray_carpet":88,"minecraft:cobweb":36,"minecraft:cracked_stone_bricks":1,"minecraft:stone_bricks":1,"minecraft:oak_leaves":2,"minecraft:deepslate":101,"minecraft:redstone_lamp":31,"minecraft:suspicious_gravel":1},"minecraft:dropped":{"minecraft:bread":3,"born_in_chaos_v1:intoxicating_decoction":1,"minecraft:wheat_seeds":2,"minecraft:cobblestone":161,"minecraft:stick":1,"minecraft:diorite":12,"minecraft:iron_leggings":1,"minecraft:string":1,"minecraft:oak_planks":6,"minecraft:hay_block":5,"minecraft:stone_pickaxe":1,"farmersdelight:tomato_seeds":6},"minecraft:killed":{"minecraft:vex":5,"minecraft:cave_spider":7,"irons_spellbooks:pyromancer":1,"alexsmobs:raccoon":1,"born_in_chaos_v1:zombie_clown_not_despawn":1,"minecraft:spider":7,"born_in_chaos_v1:skeleton_thrasher_not_despawn":1,"born_in_chaos_v1:baby_skeleton_minion":5,"born_in_chaos_v1:maggot":1,"minecraft:drowned":2,"minecraft:warden":3,"minecraft:pig":1,"alexsmobs:catfish":1,"minecraft:trader_llama":2,"minecraft:zombie":3,"minecraft:stray":9,"minecraft:cow":4},"minecraft:broken":{"minecraft:wooden_shovel":1,"minecraft:stone_sword":1,"minecraft:iron_pickaxe":2},"minecraft:crafted":{"minecraft:oak_planks":56,"minecraft:coal":18,"minecraft:iron_nugget":9,"irons_spellbooks:iron_spell_book":1,"minecraft:chain":3,"minecraft:furnace":1,"minecraft:stone_pickaxe":1,"minecraft:chest":2,"minecraft:gray_bed":2,"sophisticatedbackpacks:iron_backpack":1,"minecraft:wheat":163,"minecraft:deepslate":24,"sophisticatedbackpacks:backpack":1,"minecraft:crafting_table":6,"minecraft:wooden_pickaxe":1,"sophisticatedbackpacks:gold_backpack":1,"minecraft:stone_axe":1,"minecraft:bread":57,"minecraft:air":0,"minecraft:charcoal":13,"minecraft:stick":56,"minecraft:iron_ingot":29,"minecraft:iron_pickaxe":3,"minecraft:stone_sword":3,"minecraft:gold_ingot":27,"minecraft:torch":148},"minecraft:picked_up":{"irons_spellbooks:scroll":1,"minecraft:charcoal":3,"minecraft:crafting_table":3,"minecraft:wheat":8,"minecraft:redstone_block":2,"born_in_chaos_v1:river_mint":1,"minecraft:redstone_lamp":31,"minecraft:gold_block":3,"minecraft:string":49,"minecraft:raw_copper":4,"minecraft:iron_axe":1,"born_in_chaos_v1:intoxicating_decoction":2,"minecraft:sticky_piston":4,"irons_spellbooks:arcane_essence":4,"minecraft:deepslate_tiles":2,"minecraft:cobbled_deepslate":101,"minecraft:comparator":3,"minecraft:spruce_planks":1,"minecraft:beef":10,"minecraft:redstone_torch":16,"born_in_chaos_v1:stimulating_decoction":1,"minecraft:coal_block":2,"minecraft:furnace":1,"apotheosis:gem":2,"minecraft:stick":2,"minecraft:raw_iron":14,"iceandfire:dragonbone":4,"born_in_chaos_v1:shattered_skull":1,"minecraft:oak_fence":9,"minecraft:torch":29,"minecraft:porkchop":1,"farmersdelight:tomato_seeds":6,"minecraft:diorite":12,"born_in_chaos_v1:pieceofdarkmetal":4,"irons_spellbooks:fire_rune":1,"minecraft:redstone":64,"minecraft:deepslate_tile_stairs":4,"minecraft:dark_oak_planks":35,"minecraft:tnt":4,"minecraft:arrow":5,"minecraft:rotten_flesh":7,"minecraft:deepslate_bricks":1,"minecraft:hay_block":24,"alexscaves:spelunkery_table":1,"iceandfire:fire_dragon_heart":1,"minecraft:iron_block":3,"minecraft:saddle":4,"supplementaries:ash":1,"minecraft:white_wool":2,"minecraft:cobblestone":405,"minecraft:cracked_deepslate_tiles":2,"minecraft:stripped_oak_log":16,"minecraft:repeater":4,"minecraft:leather":11,"minecraft:tuff":10,"minecraft:oak_log":25,"iceandfire:dragonscales_bronze":15,"farmersdelight:tomato":3,"minecraft:dirt":2,"apotheosis:warden_tendril":4,"irons_spellbooks:common_ink":1,"minecraft:bone":12,"minecraft:gray_carpet":85,"minecraft:wheat_seeds":3,"minecraft:deepslate_brick_slab":1,"minecraft:gray_bed":11,"minecraft:oak_planks":27,"iceandfire:fire_dragon_flesh":1,"minecraft:book":6,"minecraft:sculk_catalyst":3,"irons_spellbooks:frozen_bone":6,"minecraft:gravel":2,"iceandfire:dragon_skull_fire":1,"minecraft:white_bed":3,"graveyard:middle_bone_staff":1,"minecraft:dark_oak_log":2,"minecraft:spider_eye":3,"waystones:waystone":1,"minecraft:soul_lantern":2,"minecraft:lever":1,"minecraft:granite":17,"minecraft:gray_wool":28,"minecraft:emerald":1,"minecraft:andesite_slab":2,"minecraft:coal":12,"iceandfire:raw_silver":12}},"DataVersion":3465}