{"stats":{"minecraft:used":{"minecraft:redstone_torch":15,"minecraft:sticky_piston":3,"minecraft:lever":1,"minecraft:stone_sword":154,"minecraft:stone_pickaxe":26,"minecraft:redstone":35,"minecraft:gray_carpet":29,"minecraft:wooden_pickaxe":3,"minecraft:redstone_block":1,"minecraft:wooden_shovel":30,"minecraft:deepslate_bricks":1,"minecraft:soul_lantern":2,"minecraft:deepslate_tile_stairs":4,"minecraft:repeater":4,"minecraft:redstone_lamp":15,"minecraft:comparator":1,"minecraft:crafting_table":1,"minecraft:gray_wool":12,"minecraft:deepslate_tiles":2},"minecraft:broken":{"minecraft:wooden_shovel":1,"minecraft:stone_sword":1},"minecraft:crafted":{"minecraft:deepslate":24,"minecraft:crafting_table":1,"minecraft:stick":8,"minecraft:wooden_pickaxe":1,"minecraft:stone_sword":2,"minecraft:stone_pickaxe":1},"minecraft:custom":{"minecraft:time_since_rest":5683,"minecraft:interact_with_furnace":6,"minecraft:sprint_one_cm":380616,"minecraft:damage_taken":24170,"minecraft:walk_one_cm":196076,"minecraft:mob_kills":4,"minecraft:damage_dealt":15164,"minecraft:open_chest":1,"minecraft:interact_with_crafting_table":6,"minecraft:fly_one_cm":131022,"minecraft:crouch_one_cm":16004,"minecraft:play_time":159118,"minecraft:deaths":70,"minecraft:sneak_time":9899,"minecraft:jump":794,"minecraft:leave_game":8,"minecraft:time_since_death":5658,"minecraft:climb_one_cm":493,"minecraft:total_world_time":159118,"minecraft:fall_one_cm":8995},"minecraft:killed":{"minecraft:spider":1,"minecraft:warden":3},"minecraft:mined":{"minecraft:deepslate_tiles":2,"minecraft:gray_wool":13,"minecraft:repeater":4,"minecraft:redstone_block":1,"minecraft:glass_pane":3,"minecraft:comparator":3,"minecraft:redstone_torch":4,"minecraft:sticky_piston":4,"minecraft:sculk_vein":11,"minecraft:soul_lantern":2,"minecraft:lever":1,"minecraft:cracked_deepslate_tiles":2,"minecraft:sculk_shrieker":2,"minecraft:sculk_sensor":1,"minecraft:gray_carpet":56,"minecraft:redstone_wire":53,"minecraft:deepslate_bricks":1,"minecraft:deepslate_tile_stairs":4,"minecraft:sculk":5,"supplementaries:urn":1,"minecraft:deepslate":9,"minecraft:redstone_wall_torch":13,"minecraft:redstone_lamp":26,"minecraft:dark_oak_planks":18},"minecraft:picked_up":{"minecraft:sculk_catalyst":3,"minecraft:redstone_block":1,"minecraft:repeater":4,"minecraft:redstone_lamp":26,"minecraft:redstone":60,"minecraft:deepslate_tile_stairs":4,"minecraft:dark_oak_planks":18,"apotheosis:warden_tendril":4,"minecraft:sticky_piston":4,"minecraft:deepslate_tiles":2,"minecraft:gray_carpet":54,"minecraft:soul_lantern":2,"minecraft:cobbled_deepslate":9,"minecraft:lever":1,"minecraft:comparator":3,"minecraft:deepslate_bricks":1,"minecraft:redstone_torch":16,"minecraft:gray_wool":13,"minecraft:cracked_deepslate_tiles":2}},"DataVersion":3465}