{"stats":{"minecraft:used":{"minecraft:stone_sword":154,"minecraft:redstone":46,"minecraft:gray_carpet":60,"minecraft:stone_pickaxe":58,"minecraft:chest":1,"minecraft:wooden_pickaxe":16,"minecraft:redstone_block":2,"minecraft:wooden_shovel":30,"minecraft:deepslate_bricks":1,"minecraft:torch":28,"minecraft:comparator":1,"minecraft:crafting_table":2,"minecraft:cracked_deepslate_tiles":2,"minecraft:tuff":2,"minecraft:redstone_torch":15,"minecraft:deepslate_tiles":2,"minecraft:sticky_piston":3,"minecraft:dark_oak_planks":6,"minecraft:lever":1,"minecraft:dark_oak_log":1,"minecraft:iron_pickaxe":43,"minecraft:soul_lantern":2,"minecraft:stone_axe":44,"minecraft:repeater":4,"minecraft:redstone_lamp":18,"minecraft:furnace":2,"minecraft:deepslate_tile_stairs":4,"minecraft:gray_bed":1,"minecraft:cobbled_deepslate":10,"minecraft:gray_wool":21},"minecraft:broken":{"minecraft:wooden_shovel":1,"minecraft:stone_sword":1},"minecraft:crafted":{"minecraft:oak_planks":8,"minecraft:deepslate":24,"minecraft:crafting_table":2,"minecraft:wooden_pickaxe":1,"minecraft:furnace":1,"minecraft:stone_axe":1,"minecraft:air":0,"minecraft:charcoal":1,"minecraft:stick":24,"minecraft:iron_ingot":4,"minecraft:iron_pickaxe":1,"minecraft:stone_pickaxe":1,"minecraft:stone_sword":2,"minecraft:chest":1,"minecraft:torch":16,"minecraft:gray_bed":1},"minecraft:custom":{"minecraft:interact_with_furnace":25,"minecraft:mob_kills":7,"minecraft:interact_with_crafting_table":23,"minecraft:open_barrel":4,"minecraft:interact_with_loom":1,"minecraft:leave_game":10,"minecraft:time_since_death":15299,"minecraft:climb_one_cm":1494,"minecraft:time_since_rest":15323,"minecraft:sprint_one_cm":635281,"minecraft:damage_taken":26255,"minecraft:walk_one_cm":308967,"minecraft:damage_dealt":16409,"minecraft:talked_to_villager":1,"minecraft:fly_one_cm":328506,"minecraft:open_chest":23,"minecraft:crouch_one_cm":34247,"minecraft:play_time":338749,"minecraft:deaths":78,"minecraft:sneak_time":26813,"minecraft:jump":2810,"minecraft:interact_with_blast_furnace":1,"minecraft:total_world_time":338749,"minecraft:fall_one_cm":60625},"minecraft:killed":{"minecraft:spider":1,"minecraft:trader_llama":2,"minecraft:warden":3},"minecraft:mined":{"minecraft:dark_oak_planks":35,"minecraft:deepslate_tiles":2,"alexscaves:spelunkery_table":1,"minecraft:tuff":9,"minecraft:redstone_block":2,"minecraft:glass_pane":3,"minecraft:comparator":3,"minecraft:sculk_vein":11,"minecraft:dark_oak_log":2,"minecraft:soul_lantern":2,"minecraft:oak_fence":7,"minecraft:torch":11,"minecraft:lever":1,"minecraft:sculk_sensor":4,"minecraft:redstone_wire":57,"minecraft:deepslate_bricks":1,"minecraft:deepslate_tile_stairs":4,"minecraft:oak_planks":13,"minecraft:sculk":8,"minecraft:wall_torch":9,"supplementaries:urn":1,"minecraft:gray_wool":30,"minecraft:repeater":4,"minecraft:furnace":1,"minecraft:redstone_torch":4,"minecraft:sticky_piston":4,"minecraft:sculk_shrieker":10,"minecraft:cracked_deepslate_tiles":2,"minecraft:oak_log":10,"minecraft:deepslate_iron_ore":4,"minecraft:stripped_oak_log":16,"minecraft:gray_carpet":88,"minecraft:deepslate":64,"minecraft:redstone_wall_torch":13,"minecraft:redstone_lamp":31},"minecraft:picked_up":{"minecraft:cracked_deepslate_tiles":2,"minecraft:charcoal":3,"minecraft:redstone_block":2,"minecraft:repeater":4,"minecraft:redstone_lamp":31,"minecraft:leather":1,"minecraft:tuff":9,"minecraft:oak_log":8,"apotheosis:warden_tendril":4,"minecraft:sticky_piston":4,"minecraft:gray_carpet":85,"minecraft:deepslate_tiles":2,"minecraft:cobbled_deepslate":63,"minecraft:comparator":3,"minecraft:redstone_torch":16,"minecraft:oak_planks":13,"minecraft:furnace":1,"minecraft:sculk_catalyst":3,"minecraft:raw_iron":4,"minecraft:oak_fence":9,"minecraft:torch":21,"minecraft:redstone":64,"minecraft:deepslate_tile_stairs":4,"minecraft:dark_oak_log":2,"minecraft:dark_oak_planks":35,"minecraft:soul_lantern":2,"minecraft:lever":1,"minecraft:deepslate_bricks":1,"alexscaves:spelunkery_table":1,"minecraft:gray_wool":28,"minecraft:emerald":1,"minecraft:stripped_oak_log":16}},"DataVersion":3465}