{"stats":{"minecraft:picked_up":{"minecraft:wheat":8,"minecraft:charcoal":3,"minecraft:crafting_table":1,"minecraft:redstone_block":2,"minecraft:redstone_lamp":31,"minecraft:gold_block":3,"minecraft:string":33,"minecraft:raw_copper":4,"minecraft:iron_axe":1,"born_in_chaos_v1:intoxicating_decoction":2,"minecraft:sticky_piston":4,"minecraft:deepslate_tiles":2,"minecraft:cobbled_deepslate":101,"minecraft:comparator":3,"minecraft:redstone_torch":16,"born_in_chaos_v1:stimulating_decoction":1,"minecraft:furnace":1,"minecraft:stick":2,"minecraft:raw_iron":14,"minecraft:oak_fence":9,"minecraft:torch":29,"farmersdelight:tomato_seeds":6,"minecraft:diorite":12,"minecraft:redstone":64,"minecraft:deepslate_tile_stairs":4,"minecraft:dark_oak_planks":35,"minecraft:tnt":1,"minecraft:rotten_flesh":5,"minecraft:deepslate_bricks":1,"minecraft:hay_block":24,"alexscaves:spelunkery_table":1,"minecraft:iron_block":2,"minecraft:cobblestone":403,"minecraft:cracked_deepslate_tiles":2,"minecraft:stripped_oak_log":16,"minecraft:repeater":4,"minecraft:leather":1,"minecraft:tuff":10,"minecraft:oak_log":10,"farmersdelight:tomato":3,"minecraft:dirt":2,"apotheosis:warden_tendril":4,"minecraft:gray_carpet":85,"minecraft:deepslate_brick_slab":1,"minecraft:wheat_seeds":3,"minecraft:gray_bed":8,"minecraft:oak_planks":27,"minecraft:sculk_catalyst":3,"minecraft:gravel":2,"minecraft:dark_oak_log":2,"minecraft:soul_lantern":2,"minecraft:lever":1,"minecraft:granite":17,"minecraft:gray_wool":28,"minecraft:emerald":1,"minecraft:coal":12,"iceandfire:raw_silver":10},"minecraft:dropped":{"farmersdelight:tomato_seeds":6,"minecraft:bread":3,"born_in_chaos_v1:intoxicating_decoction":1,"minecraft:wheat_seeds":2,"minecraft:cobblestone":161,"minecraft:stick":1,"minecraft:diorite":12,"minecraft:iron_leggings":1,"minecraft:oak_planks":6,"minecraft:hay_block":5,"minecraft:stone_pickaxe":1},"minecraft:killed":{"born_in_chaos_v1:zombie_clown_not_despawn":1,"minecraft:spider":1,"minecraft:warden":3,"alexsmobs:catfish":1,"minecraft:trader_llama":2,"minecraft:zombie":1},"minecraft:crafted":{"minecraft:oak_planks":36,"minecraft:furnace":1,"minecraft:stone_pickaxe":1,"minecraft:chest":2,"minecraft:gray_bed":2,"minecraft:wheat":163,"minecraft:deepslate":24,"minecraft:crafting_table":6,"minecraft:wooden_pickaxe":1,"minecraft:stone_axe":1,"minecraft:bread":57,"minecraft:air":0,"minecraft:charcoal":13,"minecraft:stick":36,"minecraft:iron_ingot":11,"minecraft:iron_pickaxe":3,"minecraft:stone_sword":3,"minecraft:torch":76},"minecraft:mined":{"minecraft:dark_oak_planks":35,"minecraft:deepslate_tiles":2,"alexscaves:spelunkery_table":1,"minecraft:tuff":10,"iceandfire:silver_ore":10,"minecraft:sculk_vein":11,"minecraft:dark_oak_log":2,"minecraft:granite":17,"minecraft:lever":1,"minecraft:grass_block":4,"minecraft:redstone_wire":57,"minecraft:deepslate_bricks":1,"minecraft:deepslate_tile_stairs":4,"minecraft:chiseled_stone_bricks":1,"minecraft:spawner":3,"minecraft:hay_block":19,"minecraft:deepslate_brick_slab":1,"minecraft:furnace":1,"minecraft:iron_ore":4,"minecraft:sticky_piston":4,"minecraft:gold_block":3,"minecraft:sculk_shrieker":10,"minecraft:bookshelf":1,"minecraft:deepslate_iron_ore":10,"minecraft:stripped_oak_log":16,"minecraft:stone":464,"minecraft:iron_block":2,"minecraft:redstone_wall_torch":13,"minecraft:redstone_block":2,"minecraft:glass_pane":3,"minecraft:comparator":3,"minecraft:soul_lantern":2,"minecraft:oak_fence":7,"minecraft:crafting_table":1,"minecraft:torch":13,"minecraft:sculk_sensor":4,"minecraft:copper_ore":1,"minecraft:cobblestone":2,"farmersdelight:wild_tomatoes":7,"minecraft:oak_planks":14,"minecraft:sculk":8,"minecraft:diorite":12,"minecraft:wall_torch":15,"supplementaries:urn":1,"minecraft:gray_wool":30,"minecraft:repeater":4,"minecraft:redstone_torch":4,"minecraft:gray_bed":9,"minecraft:tnt":3,"minecraft:grass":7,"minecraft:cracked_deepslate_tiles":2,"minecraft:oak_log":11,"minecraft:coal_ore":12,"minecraft:gravel":2,"minecraft:dirt":4,"minecraft:gray_carpet":88,"minecraft:cobweb":35,"minecraft:cracked_stone_bricks":1,"minecraft:stone_bricks":1,"minecraft:oak_leaves":1,"minecraft:deepslate":101,"minecraft:redstone_lamp":31,"minecraft:suspicious_gravel":1},"minecraft:broken":{"minecraft:wooden_shovel":1,"minecraft:stone_sword":1,"minecraft:iron_pickaxe":2},"minecraft:used":{"minecraft:beetroot":8,"minecraft:trident":14,"minecraft:stone_sword":189,"minecraft:redstone":46,"minecraft:chest":1,"minecraft:wooden_shovel":30,"minecraft:torch":86,"minecraft:carrot":14,"minecraft:deepslate_brick_slab":1,"minecraft:cracked_deepslate_tiles":2,"minecraft:tuff":6,"minecraft:dark_oak_planks":6,"farmersdelight:tomato":3,"minecraft:iron_axe":5,"minecraft:iron_helmet":1,"minecraft:repeater":4,"minecraft:redstone_lamp":18,"minecraft:golden_carrot":2,"minecraft:sweet_berries":5,"minecraft:furnace":2,"minecraft:deepslate_tile_stairs":4,"minecraft:gray_bed":9,"minecraft:cobbled_deepslate":10,"minecraft:water_bucket":4,"minecraft:gray_carpet":60,"minecraft:stone_pickaxe":120,"minecraft:wooden_pickaxe":38,"minecraft:redstone_block":2,"minecraft:deepslate_bricks":1,"minecraft:golden_apple":1,"minecraft:comparator":1,"minecraft:tnt":1,"minecraft:crafting_table":7,"minecraft:deepslate_tiles":2,"minecraft:redstone_torch":15,"minecraft:sticky_piston":3,"minecraft:lever":1,"minecraft:dark_oak_log":1,"minecraft:bread":11,"minecraft:iron_pickaxe":564,"minecraft:soul_lantern":2,"minecraft:stone_axe":50,"minecraft:cobblestone":129,"minecraft:bucket":5,"minecraft:pumpkin_pie":3,"minecraft:gray_wool":21},"minecraft:custom":{"minecraft:mob_kills":10,"minecraft:interact_with_crafting_table":44,"minecraft:open_barrel":33,"minecraft:leave_game":12,"minecraft:time_since_death":112619,"minecraft:climb_one_cm":3915,"minecraft:sprint_one_cm":931565,"minecraft:walk_one_cm":420693,"minecraft:drop":14,"minecraft:talked_to_villager":1,"minecraft:play_time":436069,"minecraft:deaths":78,"minecraft:sneak_time":29507,"minecraft:walk_under_water_one_cm":4952,"minecraft:interact_with_brewingstand":3,"minecraft:jump":4462,"minecraft:interact_with_blast_furnace":1,"minecraft:walk_on_water_one_cm":9680,"minecraft:total_world_time":436069,"minecraft:interact_with_furnace":33,"minecraft:interact_with_loom":1,"minecraft:sleep_in_bed":7,"minecraft:time_since_rest":11658,"minecraft:damage_taken":27058,"minecraft:damage_absorbed":40,"minecraft:trigger_trapped_chest":1,"minecraft:damage_dealt":17159,"minecraft:swim_one_cm":46322,"minecraft:fly_one_cm":622679,"minecraft:open_chest":51,"minecraft:crouch_one_cm":40483,"minecraft:fall_one_cm":100177}},"DataVersion":3465}