{"stats":{"minecraft:mined":{"minecraft:glass_pane":1,"minecraft:redstone_wire":1,"minecraft:redstone_wall_torch":5,"minecraft:gray_carpet":19},"minecraft:custom":{"minecraft:jump":19,"minecraft:time_since_rest":11835,"minecraft:crouch_one_cm":4794,"minecraft:sprint_one_cm":30718,"minecraft:play_time":11835,"minecraft:time_since_death":11835,"minecraft:walk_one_cm":9360,"minecraft:sneak_time":1823,"minecraft:total_world_time":11835,"minecraft:fly_one_cm":1402},"minecraft:used":{"minecraft:gray_carpet":1,"minecraft:redstone_torch":4},"minecraft:picked_up":{"minecraft:redstone_torch":5,"minecraft:gray_carpet":16,"minecraft:redstone":1}},"DataVersion":3465}