{"stats":{"minecraft:used":{"minecraft:stone_sword":154,"minecraft:redstone":46,"minecraft:gray_carpet":60,"minecraft:stone_pickaxe":43,"minecraft:chest":1,"minecraft:wooden_pickaxe":16,"minecraft:redstone_block":1,"minecraft:wooden_shovel":30,"minecraft:deepslate_bricks":1,"minecraft:torch":20,"minecraft:comparator":1,"minecraft:crafting_table":1,"minecraft:redstone_torch":15,"minecraft:deepslate_tiles":2,"minecraft:sticky_piston":3,"minecraft:dark_oak_planks":2,"minecraft:lever":1,"minecraft:dark_oak_log":1,"minecraft:soul_lantern":2,"minecraft:repeater":4,"minecraft:redstone_lamp":18,"minecraft:deepslate_tile_stairs":4,"minecraft:cobbled_deepslate":3,"minecraft:gray_wool":21},"minecraft:broken":{"minecraft:wooden_shovel":1,"minecraft:stone_sword":1},"minecraft:crafted":{"minecraft:oak_planks":4,"minecraft:deepslate":24,"minecraft:crafting_table":2,"minecraft:wooden_pickaxe":1,"minecraft:charcoal":1,"minecraft:stick":8,"minecraft:stone_pickaxe":1,"minecraft:stone_sword":2,"minecraft:chest":1,"minecraft:torch":4,"minecraft:gray_bed":1},"minecraft:custom":{"minecraft:interact_with_furnace":12,"minecraft:mob_kills":7,"minecraft:interact_with_crafting_table":9,"minecraft:open_barrel":1,"minecraft:leave_game":10,"minecraft:time_since_death":3299,"minecraft:climb_one_cm":1494,"minecraft:time_since_rest":3323,"minecraft:sprint_one_cm":614849,"minecraft:damage_taken":26255,"minecraft:walk_one_cm":290843,"minecraft:damage_dealt":16409,"minecraft:talked_to_villager":1,"minecraft:fly_one_cm":326815,"minecraft:open_chest":23,"minecraft:crouch_one_cm":33945,"minecraft:play_time":326749,"minecraft:deaths":78,"minecraft:sneak_time":26573,"minecraft:jump":2709,"minecraft:interact_with_blast_furnace":1,"minecraft:total_world_time":326749,"minecraft:fall_one_cm":60625},"minecraft:killed":{"minecraft:spider":1,"minecraft:trader_llama":2,"minecraft:warden":3},"minecraft:mined":{"minecraft:dark_oak_planks":33,"minecraft:deepslate_tiles":2,"minecraft:redstone_block":2,"minecraft:glass_pane":3,"minecraft:comparator":3,"minecraft:sculk_vein":11,"minecraft:dark_oak_log":2,"minecraft:soul_lantern":2,"minecraft:torch":10,"minecraft:lever":1,"minecraft:sculk_sensor":4,"minecraft:redstone_wire":57,"minecraft:deepslate_bricks":1,"minecraft:deepslate_tile_stairs":4,"minecraft:oak_planks":1,"minecraft:sculk":8,"minecraft:wall_torch":6,"supplementaries:urn":1,"minecraft:gray_wool":25,"minecraft:repeater":4,"minecraft:redstone_torch":4,"minecraft:sticky_piston":4,"minecraft:sculk_shrieker":10,"minecraft:cracked_deepslate_tiles":2,"minecraft:oak_log":3,"minecraft:deepslate_iron_ore":4,"minecraft:gray_carpet":88,"minecraft:deepslate":19,"minecraft:redstone_wall_torch":13,"minecraft:redstone_lamp":31},"minecraft:picked_up":{"minecraft:cracked_deepslate_tiles":2,"minecraft:redstone_block":2,"minecraft:repeater":4,"minecraft:redstone_lamp":31,"minecraft:leather":1,"minecraft:oak_log":1,"apotheosis:warden_tendril":4,"minecraft:sticky_piston":4,"minecraft:gray_carpet":85,"minecraft:deepslate_tiles":2,"minecraft:cobbled_deepslate":16,"minecraft:comparator":3,"minecraft:redstone_torch":16,"minecraft:oak_planks":1,"minecraft:sculk_catalyst":3,"minecraft:raw_iron":4,"minecraft:torch":17,"minecraft:redstone":64,"minecraft:deepslate_tile_stairs":4,"minecraft:dark_oak_log":2,"minecraft:dark_oak_planks":33,"minecraft:soul_lantern":2,"minecraft:lever":1,"minecraft:deepslate_bricks":1,"minecraft:gray_wool":25,"minecraft:emerald":1}},"DataVersion":3465}