{"stats":{"minecraft:picked_up":{"minecraft:redstone_torch":5,"minecraft:gray_carpet":16,"minecraft:redstone":1},"minecraft:used":{"minecraft:redstone_torch":4,"minecraft:redstone":1,"minecraft:gray_carpet":1},"minecraft:mined":{"minecraft:glass_pane":1,"minecraft:redstone_wire":1,"minecraft:redstone_wall_torch":5,"minecraft:gray_carpet":19},"minecraft:custom":{"minecraft:jump":27,"minecraft:time_since_rest":607,"minecraft:damage_taken":900,"minecraft:crouch_one_cm":5113,"minecraft:leave_game":1,"minecraft:sprint_one_cm":37698,"minecraft:play_time":23090,"minecraft:walk_one_cm":12972,"minecraft:time_since_death":0,"minecraft:deaths":3,"minecraft:sneak_time":2730,"minecraft:total_world_time":23090,"minecraft:fly_one_cm":3004}},"DataVersion":3465}