{"stats":{"minecraft:used":{"minecraft:redstone_torch":13,"minecraft:sticky_piston":3,"minecraft:lever":1,"minecraft:redstone":35,"minecraft:gray_carpet":22,"minecraft:repeater":4,"minecraft:redstone_lamp":10,"minecraft:comparator":1,"minecraft:gray_wool":12},"minecraft:crafted":{"minecraft:deepslate":24},"minecraft:custom":{"minecraft:time_since_rest":18,"minecraft:interact_with_furnace":5,"minecraft:sprint_one_cm":251908,"minecraft:damage_taken":15635,"minecraft:walk_one_cm":130935,"minecraft:mob_kills":1,"minecraft:damage_dealt":3744,"minecraft:fly_one_cm":86266,"minecraft:crouch_one_cm":9190,"minecraft:play_time":123118,"minecraft:deaths":45,"minecraft:sneak_time":4718,"minecraft:jump":387,"minecraft:leave_game":8,"minecraft:time_since_death":0,"minecraft:climb_one_cm":229,"minecraft:total_world_time":123118,"minecraft:fall_one_cm":5542},"minecraft:killed":{"minecraft:spider":1},"minecraft:mined":{"minecraft:gray_wool":13,"minecraft:repeater":4,"minecraft:glass_pane":3,"minecraft:comparator":1,"minecraft:redstone_torch":4,"minecraft:sticky_piston":4,"minecraft:sculk_vein":11,"minecraft:lever":1,"minecraft:sculk_shrieker":1,"minecraft:sculk_sensor":1,"minecraft:gray_carpet":31,"minecraft:redstone_wire":36,"minecraft:sculk":5,"minecraft:redstone_wall_torch":11,"minecraft:redstone_lamp":11},"minecraft:picked_up":{"minecraft:repeater":4,"minecraft:redstone_lamp":11,"minecraft:redstone":36,"minecraft:sticky_piston":4,"minecraft:gray_carpet":29,"minecraft:lever":1,"minecraft:comparator":1,"minecraft:redstone_torch":14,"minecraft:gray_wool":13}},"DataVersion":3465}