{"stats":{"minecraft:used":{"minecraft:redstone_torch":13,"minecraft:sticky_piston":3,"minecraft:lever":1,"minecraft:redstone":35,"minecraft:gray_carpet":27,"minecraft:wooden_pickaxe":3,"minecraft:repeater":4,"minecraft:redstone_lamp":10,"minecraft:comparator":1,"minecraft:crafting_table":1,"minecraft:gray_wool":12},"minecraft:crafted":{"minecraft:deepslate":24,"minecraft:crafting_table":1,"minecraft:stick":4,"minecraft:wooden_pickaxe":1,"minecraft:stone_pickaxe":1},"minecraft:custom":{"minecraft:time_since_rest":8633,"minecraft:interact_with_furnace":6,"minecraft:sprint_one_cm":278837,"minecraft:damage_taken":17435,"minecraft:walk_one_cm":146800,"minecraft:mob_kills":2,"minecraft:damage_dealt":5152,"minecraft:interact_with_crafting_table":3,"minecraft:fly_one_cm":94720,"minecraft:crouch_one_cm":13166,"minecraft:play_time":135118,"minecraft:deaths":51,"minecraft:sneak_time":7685,"minecraft:jump":451,"minecraft:leave_game":8,"minecraft:time_since_death":8607,"minecraft:climb_one_cm":257,"minecraft:total_world_time":135118,"minecraft:fall_one_cm":5542},"minecraft:killed":{"minecraft:spider":1,"minecraft:warden":1},"minecraft:mined":{"minecraft:gray_wool":13,"minecraft:repeater":4,"minecraft:glass_pane":3,"minecraft:comparator":1,"minecraft:redstone_torch":4,"minecraft:sticky_piston":4,"minecraft:sculk_vein":11,"minecraft:lever":1,"minecraft:sculk_shrieker":1,"minecraft:sculk_sensor":1,"minecraft:gray_carpet":55,"minecraft:redstone_wire":36,"minecraft:sculk":5,"minecraft:deepslate":3,"minecraft:redstone_wall_torch":11,"minecraft:redstone_lamp":11,"minecraft:dark_oak_planks":10},"minecraft:picked_up":{"minecraft:sculk_catalyst":1,"minecraft:repeater":4,"minecraft:redstone_lamp":11,"minecraft:redstone":36,"minecraft:dark_oak_planks":9,"apotheosis:warden_tendril":1,"minecraft:sticky_piston":4,"minecraft:gray_carpet":53,"minecraft:cobbled_deepslate":3,"minecraft:lever":1,"minecraft:comparator":1,"minecraft:redstone_torch":14,"minecraft:gray_wool":13}},"DataVersion":3465}