{"stats":{"minecraft:crafted":{"minecraft:deepslate":24},"minecraft:picked_up":{"minecraft:repeater":4,"minecraft:redstone_lamp":6,"minecraft:redstone":35,"minecraft:sticky_piston":2,"minecraft:gray_carpet":28,"minecraft:comparator":1,"minecraft:redstone_torch":12,"minecraft:gray_wool":13},"minecraft:used":{"minecraft:redstone_torch":11,"minecraft:sticky_piston":2,"minecraft:gray_carpet":22,"minecraft:redstone":34,"minecraft:repeater":4,"minecraft:redstone_lamp":5,"minecraft:comparator":1,"minecraft:gray_wool":12},"minecraft:mined":{"minecraft:gray_wool":13,"minecraft:repeater":4,"minecraft:glass_pane":3,"minecraft:comparator":1,"minecraft:redstone_torch":4,"minecraft:sticky_piston":2,"minecraft:sculk_vein":10,"minecraft:sculk_shrieker":1,"minecraft:redstone_wire":35,"minecraft:gray_carpet":30,"minecraft:sculk":5,"minecraft:redstone_wall_torch":9,"minecraft:redstone_lamp":6},"minecraft:custom":{"minecraft:time_since_rest":653,"minecraft:interact_with_furnace":2,"minecraft:sprint_one_cm":165131,"minecraft:damage_taken":5275,"minecraft:walk_one_cm":77709,"minecraft:mob_kills":1,"minecraft:damage_dealt":175,"minecraft:fly_one_cm":43583,"minecraft:crouch_one_cm":8589,"minecraft:play_time":79577,"minecraft:deaths":17,"minecraft:sneak_time":4196,"minecraft:jump":244,"minecraft:leave_game":5,"minecraft:time_since_death":629,"minecraft:total_world_time":79577,"minecraft:climb_one_cm":229,"minecraft:fall_one_cm":3695},"minecraft:killed":{"minecraft:spider":1}},"DataVersion":3465}