{"stats":{"minecraft:crafted":{"minecraft:oak_planks":4204,"irons_spellbooks:iron_spell_book":1,"minecraft:chain":3,"sophisticatedbackpacks:crafting_upgrade":1,"minecraft:bookshelf":2,"minecraft:iron_boots":2,"minecraft:chest":7,"minecraft:gray_bed":2,"minecraft:oak_slab":18,"minecraft:deepslate":24,"sophisticatedbackpacks:backpack":1,"minecraft:emerald":253,"minecraft:cauldron":1,"minecraft:crafting_table":9,"minecraft:wooden_pickaxe":1,"minecraft:iron_helmet":2,"minecraft:fletching_table":4,"sophisticatedbackpacks:upgrade_base":1,"minecraft:lectern":2,"minecraft:iron_chestplate":2,"minecraft:charcoal":13,"minecraft:emerald_block":4,"minecraft:shield":1,"minecraft:stick":7965,"minecraft:iron_ingot":29,"minecraft:iron_pickaxe":3,"minecraft:stone_sword":3,"minecraft:gold_ingot":27,"mca:blueprint":1,"minecraft:coal":27,"minecraft:iron_nugget":9,"minecraft:furnace":1,"minecraft:iron_axe":4,"minecraft:stone_pickaxe":1,"minecraft:bundle":1,"minecraft:wheat":361,"sophisticatedbackpacks:iron_backpack":1,"minecraft:iron_sword":2,"sophisticatedbackpacks:gold_backpack":1,"minecraft:stone_axe":1,"minecraft:bread":90,"minecraft:air":0,"minecraft:blue_dye":1,"minecraft:oak_boat":1,"minecraft:iron_shovel":1,"minecraft:iron_leggings":2,"minecraft:torch":148},"minecraft:broken":{"minecraft:wooden_shovel":1,"minecraft:leather_helmet":1,"minecraft:stone_sword":1,"minecraft:iron_axe":5,"minecraft:iron_pickaxe":2,"minecraft:iron_helmet":2},"minecraft:killed":{"minecraft:cave_spider":7,"born_in_chaos_v1:mr_pumpkin":8,"irons_spellbooks:pyromancer":1,"born_in_chaos_v1:sir_the_headless":1,"minecraft:spider":14,"born_in_chaos_v1:baby_skeleton_minion":8,"minecraft:skeleton":1,"minecraft:chicken":1,"born_in_chaos_v1:supreme_bonescaller_stage_2":1,"born_in_chaos_v1:firelight_not_despawn":1,"minecraft:pig":1,"minecraft:zombie_villager":2,"minecraft:creeper":1,"call_of_yucutan:undead_warrior":9,"minecraft:trader_llama":2,"minecraft:pillager":3,"minecraft:zombie":4,"minecraft:stray":10,"minecraft:cow":4,"minecraft:vex":5,"born_in_chaos_v1:zombie_clown_not_despawn":1,"alexsmobs:raccoon":1,"minecraft:vindicator":1,"born_in_chaos_v1:skeleton_thrasher_not_despawn":1,"born_in_chaos_v1:maggot":4,"born_in_chaos_v1:pumpkinhead":1,"minecraft:drowned":3,"minecraft:warden":3,"born_in_chaos_v1:felsteed":1,"born_in_chaos_v1:bone_imp_minion":15,"alexsmobs:catfish":1,"born_in_chaos_v1:bonescaller_not_despawn":2},"minecraft:killed_by":{"iceandfire:siren":1},"minecraft:used":{"minecraft:beetroot":8,"minecraft:writable_book":1,"minecraft:iron_shovel":61,"minecraft:chest":5,"minecraft:shield":8,"minecraft:iron_sword":115,"minecraft:iron_chestplate":2,"minecraft:mutton":2,"minecraft:carrot":23,"minecraft:cracked_deepslate_tiles":2,"minecraft:deepslate_brick_slab":1,"born_in_chaos_v1:soul_cutlass":79,"minecraft:tuff":6,"farmersdelight:tomato":3,"minecraft:lantern":3,"minecraft:iron_helmet":1,"minecraft:stone_brick_stairs":1,"minecraft:repeater":4,"minecraft:redstone_lamp":18,"minecraft:sweet_berries":5,"minecraft:oak_sapling":4,"minecraft:furnace":4,"born_in_chaos_v1:fel_lamp":8,"minecraft:cooked_cod":2,"minecraft:gray_bed":13,"minecraft:egg":1,"minecraft:leather_leggings":1,"call_of_yucutan:chili_pepper":1,"minecraft:stone_pickaxe":120,"minecraft:gray_carpet":60,"minecraft:oak_planks":95,"minecraft:leather_chestplate":2,"minecraft:wooden_pickaxe":38,"minecraft:redstone_block":2,"minecraft:golden_apple":1,"minecraft:pumpkin_seeds":2,"minecraft:redstone_torch":15,"minecraft:deepslate_tiles":2,"minecraft:sticky_piston":3,"waystones:waystone":1,"minecraft:lever":1,"minecraft:dark_oak_log":1,"minecraft:bread":153,"minecraft:lectern":4,"minecraft:gravel":62,"minecraft:soul_lantern":2,"born_in_chaos_v1:river_mint":1,"minecraft:oak_boat":4,"born_in_chaos_v1:dark_ritual_dagger":19,"minecraft:trident":209,"minecraft:stone_sword":189,"minecraft:flint_and_steel":6,"minecraft:armor_stand":1,"minecraft:redstone":46,"minecraft:wooden_shovel":30,"minecraft:torch":192,"minecraft:stick":2,"minecraft:brewing_stand":1,"minecraft:dirt":20,"minecraft:spruce_fence":1,"minecraft:dark_oak_planks":6,"minecraft:iron_axe":356,"minecraft:golden_carrot":2,"minecraft:iron_trapdoor":1,"minecraft:deepslate_tile_stairs":4,"call_of_yucutan:red_limestone":1,"minecraft:cobbled_deepslate":33,"minecraft:water_bucket":4,"minecraft:baked_potato":1,"minecraft:cauldron":1,"minecraft:fletching_table":8,"graveyard:ossuary":2,"minecraft:deepslate_bricks":1,"farmersdelight:onion":2,"minecraft:comparator":1,"minecraft:oak_slab":6,"minecraft:crafting_table":11,"minecraft:tnt":4,"minecraft:white_bed":22,"minecraft:oak_log":5,"minecraft:apple":4,"minecraft:iron_pickaxe":692,"minecraft:stone_axe":50,"minecraft:crimson_fungus":1,"minecraft:cobblestone":195,"minecraft:bucket":5,"minecraft:pumpkin_pie":3,"minecraft:gray_wool":21,"minecraft:chainmail_leggings":1,"irons_spellbooks:inscription_table":1},"minecraft:custom":{"minecraft:interact_with_crafting_table":91,"minecraft:open_barrel":70,"minecraft:leave_game":19,"minecraft:time_since_death":5741,"minecraft:damage_resisted":0,"minecraft:sprint_one_cm":2827418,"minecraft:damage_blocked_by_shield":514,"minecraft:drop":212,"minecraft:talked_to_villager":3,"minecraft:play_time":861215,"minecraft:deaths":103,"minecraft:jump":11497,"minecraft:interact_with_brewingstand":6,"minecraft:walk_on_water_one_cm":107442,"minecraft:interact_with_furnace":37,"minecraft:traded_with_villager":254,"minecraft:interact_with_loom":1,"minecraft:sleep_in_bed":36,"minecraft:waystone_activated":4,"minecraft:damage_dealt":39355,"minecraft:crouch_one_cm":51009,"minecraft:inspect_dispenser":2,"minecraft:horse_one_cm":579939,"minecraft:interact_with_anvil":2,"minecraft:mob_kills":125,"minecraft:damage_dealt_resisted":3943,"minecraft:climb_one_cm":25319,"minecraft:walk_one_cm":978801,"minecraft:sneak_time":34246,"minecraft:walk_under_water_one_cm":35035,"minecraft:boat_one_cm":88976,"minecraft:interact_with_blast_furnace":1,"minecraft:total_world_time":861215,"minecraft:time_since_rest":5766,"minecraft:damage_taken":41918,"minecraft:damage_absorbed":40,"minecraft:trigger_trapped_chest":2,"minecraft:swim_one_cm":227654,"minecraft:fly_one_cm":2493093,"minecraft:open_chest":152,"minecraft:fall_one_cm":323339},"minecraft:dropped":{"minecraft:iron_sword":5,"minecraft:porkchop":1,"minecraft:oak_log":4,"minecraft:crossbow":4,"minecraft:saddle":2,"minecraft:leather_helmet":9,"minecraft:item_frame":5,"minecraft:cobblestone_stairs":2,"minecraft:dirt":2,"minecraft:grass":6,"minecraft:dark_oak_fence":2,"minecraft:writable_book":1,"minecraft:wooden_sword":3,"minecraft:white_wool":1,"minecraft:gold_ingot":1,"minecraft:gravel":12,"minecraft:iron_nugget":3,"born_in_chaos_v1:fire_dust":1,"minecraft:wheat":3,"minecraft:birch_sapling":2,"minecraft:rotten_flesh":6,"minecraft:oak_planks":14,"minecraft:green_banner":2,"minecraft:leather_chestplate":9,"supplementaries:ash":1,"born_in_chaos_v1:corpse_maggot":8,"minecraft:stone_brick_wall":1,"apotheosis:gem":4,"minecraft:acacia_sapling":6,"minecraft:leather_leggings":10,"minecraft:spruce_slab":4,"minecraft:arrow":1,"minecraft:beef":10,"minecraft:scaffolding":1,"minecraft:bread":6,"farmersdelight:tomato_seeds":16,"minecraft:oak_slab":4,"minecraft:enchanted_book":2,"born_in_chaos_v1:intoxicating_decoction":1,"minecraft:wheat_seeds":171,"born_in_chaos_v1:shattered_skull":1,"minecraft:feather":1,"minecraft:prismarine_shard":3,"minecraft:prismarine_crystals":5,"minecraft:cobblestone":161,"minecraft:iron_helmet":4,"minecraft:spruce_stairs":4,"minecraft:stick":11,"irons_spellbooks:scroll":1,"minecraft:diorite":12,"minecraft:torch":2,"minecraft:potion":5,"minecraft:iron_leggings":3,"minecraft:iron_axe":2,"minecraft:chainmail_leggings":1,"minecraft:paper":2,"minecraft:string":3,"farmersdelight:rich_soil":4,"iceandfire:dragon_skull_fire":1,"minecraft:oak_trapdoor":1,"minecraft:stone_sword":4,"minecraft:smooth_stone_slab":6,"minecraft:white_carpet":5,"minecraft:tall_grass":4,"minecraft:iron_boots":5,"minecraft:spruce_fence":8,"minecraft:oak_sign":4,"minecraft:pumpkin_seeds":20,"minecraft:hay_block":5,"minecraft:allium":1,"minecraft:spruce_trapdoor":4,"minecraft:spruce_planks":1,"minecraft:iron_chestplate":3,"minecraft:oak_sapling":197,"minecraft:spider_eye":3,"minecraft:brown_carpet":1,"minecraft:diamond_boots":3,"minecraft:bow":1,"minecraft:stone_pickaxe":1},"minecraft:mined":{"minecraft:dark_oak_planks":35,"minecraft:spruce_planks":1,"minecraft:white_bed":22,"farmersdelight:rich_soil":4,"minecraft:sculk_vein":11,"minecraft:cobblestone_stairs":2,"illusion_onslaught:cultstone_brick_stairs":1,"minecraft:jungle_leaves":11,"minecraft:potted_crimson_fungus":1,"minecraft:brewing_stand":1,"minecraft:granite":17,"born_in_chaos_v1:dark_metal_deposit":7,"minecraft:grass_block":5,"minecraft:stone_brick_wall":1,"minecraft:coal_block":18,"minecraft:deepslate_bricks":1,"minecraft:deepslate_tile_stairs":4,"minecraft:spawner":14,"minecraft:chiseled_stone_bricks":1,"minecraft:iron_ore":4,"minecraft:sticky_piston":4,"graveyard:ossuary":2,"minecraft:fletching_table":5,"minecraft:sculk_shrieker":10,"supplementaries:stick":2,"minecraft:iron_block":5,"minecraft:tripwire":2,"items_displayed:wild_armor_trim":2,"graveyard:middle_bone_staff":1,"minecraft:soul_lantern":2,"minecraft:torch":18,"minecraft:chest":3,"minecraft:cobblestone":13,"minecraft:oak_planks":17,"call_of_yucutan:mystic_vine_block":2,"minecraft:wall_torch":24,"minecraft:chain":3,"minecraft:repeater":4,"call_of_yucutan:red_limestone":1,"minecraft:wheat":2,"minecraft:tnt":6,"minecraft:stone_brick_stairs":1,"minecraft:smooth_stone_slab":5,"minecraft:grass":14,"minecraft:cracked_deepslate_tiles":2,"minecraft:oak_log":160,"minecraft:dirt":11,"minecraft:sand":1,"born_in_chaos_v1:infernal_evil_pumpkin_s":1,"minecraft:emerald_block":1,"minecraft:oak_leaves":37,"minecraft:deepslate":101,"minecraft:redstone_lamp":31,"minecraft:suspicious_gravel":1,"minecraft:deepslate_tiles":2,"alexscaves:spelunkery_table":1,"minecraft:tuff":10,"iceandfire:silver_ore":12,"minecraft:dark_oak_log":2,"minecraft:lever":1,"minecraft:dark_oak_fence":2,"minecraft:spruce_fence":4,"minecraft:decorated_pot":1,"minecraft:redstone_wire":57,"minecraft:polished_andesite_slab":1,"minecraft:red_mushroom":1,"farmersdelight:red_mushroom_colony":1,"minecraft:hay_block":52,"call_of_yucutan:jade_block":1,"farmersdelight:wild_onions":1,"minecraft:deepslate_brick_slab":1,"minecraft:oak_trapdoor":2,"minecraft:furnace":3,"minecraft:diamond_block":1,"minecraft:gold_block":3,"minecraft:bookshelf":3,"minecraft:deepslate_iron_ore":10,"minecraft:vine":4,"minecraft:lantern":2,"minecraft:stripped_oak_log":16,"irons_spellbooks:inscription_table":1,"minecraft:stone":475,"minecraft:bone_block":5,"minecraft:redstone_wall_torch":13,"minecraft:scaffolding":1,"minecraft:redstone_block":2,"minecraft:glass_pane":4,"minecraft:comparator":3,"call_of_yucutan:red_limestone_tiles":6,"minecraft:oak_fence":9,"minecraft:crafting_table":3,"minecraft:cornflower":1,"minecraft:andesite_slab":4,"minecraft:sculk_sensor":4,"minecraft:lectern":2,"minecraft:copper_ore":1,"minecraft:tall_grass":6,"farmersdelight:wild_tomatoes":7,"minecraft:sculk":8,"minecraft:diorite":12,"supplementaries:urn":1,"minecraft:gray_wool":30,"call_of_yucutan:red_limestone_pressure_plate":1,"minecraft:redstone_torch":4,"minecraft:gray_bed":12,"minecraft:birch_leaves":1,"minecraft:coal_ore":12,"minecraft:gravel":85,"minecraft:gray_carpet":88,"minecraft:cobweb":38,"minecraft:cracked_stone_bricks":1,"minecraft:stone_bricks":1,"minecraft:iron_trapdoor":1},"minecraft:picked_up":{"irons_spellbooks:scroll":1,"minecraft:iron_chestplate":3,"minecraft:wheat":101,"minecraft:prismarine_shard":3,"minecraft:redstone_block":2,"minecraft:iron_trapdoor":1,"minecraft:flower_pot":1,"minecraft:enchanted_book":2,"minecraft:stone_brick_stairs":1,"minecraft:brewing_stand":1,"minecraft:string":61,"minecraft:raw_copper":4,"minecraft:smooth_stone_slab":6,"minecraft:iron_leggings":3,"minecraft:armor_stand":5,"minecraft:sticky_piston":4,"minecraft:oak_sign":4,"illusion_onslaught:mana_potion":1,"irons_spellbooks:arcane_essence":4,"minecraft:deepslate_tiles":2,"minecraft:gold_nugget":6,"minecraft:cobbled_deepslate":101,"minecraft:comparator":3,"minecraft:spruce_planks":1,"minecraft:redstone_torch":16,"born_in_chaos_v1:stimulating_decoction":1,"minecraft:coal_block":18,"irons_spellbooks:inscription_table":1,"minecraft:iron_boots":4,"minecraft:furnace":3,"minecraft:stick":50,"apotheosis:gem":6,"born_in_chaos_v1:shattered_skull":1,"minecraft:oak_fence":9,"minecraft:torch":45,"call_of_yucutan:red_limestone":1,"minecraft:spruce_stairs":4,"minecraft:porkchop":1,"minecraft:diorite":12,"irons_spellbooks:fire_rune":1,"minecraft:deepslate_tile_stairs":4,"minecraft:brown_carpet":1,"minecraft:green_banner":1,"minecraft:stone_sword":2,"minecraft:rotten_flesh":14,"call_of_yucutan:jade_block":1,"farmersdelight:onion":1,"iceandfire:fire_dragon_heart":1,"minecraft:iron_block":5,"supplementaries:ash":1,"minecraft:cobblestone":423,"minecraft:leather_chestplate":9,"minecraft:feather":1,"minecraft:repeater":4,"born_in_chaos_v1:spiritual_dust":3,"call_of_yucutan:warrior_helmet":1,"minecraft:flint":8,"minecraft:tuff":10,"minecraft:lapis_lazuli":7,"farmersdelight:tomato":3,"minecraft:dirt":24,"iceandfire:dragonscales_bronze":15,"minecraft:lantern":4,"minecraft:bone":22,"illusion_onslaught:ominous_cloth":1,"minecraft:bow":2,"minecraft:wheat_seeds":170,"minecraft:deepslate_brick_slab":1,"minecraft:fletching_table":4,"minecraft:oak_planks":31,"irons_spellbooks:frozen_bone":10,"illusion_onslaught:antique_chronicle":1,"iceandfire:dragon_skull_fire":1,"iceandfire:shiny_scales":9,"call_of_yucutan:red_limestone_pressure_plate":2,"minecraft:diamond_block":1,"minecraft:dark_oak_log":2,"call_of_yucutan:elder_bone":17,"minecraft:sugar":5,"born_in_chaos_v1:fire_dust":1,"minecraft:diamond":2,"minecraft:lever":1,"minecraft:soul_lantern":2,"waystones:waystone":3,"minecraft:writable_book":3,"minecraft:crossbow":2,"minecraft:granite":17,"minecraft:grass":3,"minecraft:bread":2,"minecraft:emerald":3,"minecraft:oak_sapling":202,"minecraft:dark_oak_fence":2,"minecraft:andesite_slab":4,"iceandfire:raw_silver":12,"minecraft:charcoal":3,"minecraft:crafting_table":3,"minecraft:allium":2,"born_in_chaos_v1:river_mint":1,"born_in_chaos_v1:seedof_chaos":5,"minecraft:redstone_lamp":31,"minecraft:leather_leggings":11,"minecraft:stone_brick_wall":1,"minecraft:gold_block":3,"minecraft:chain":3,"minecraft:brick":4,"minecraft:cornflower":1,"minecraft:oak_trapdoor":1,"minecraft:iron_axe":2,"minecraft:wooden_sword":1,"born_in_chaos_v1:intoxicating_decoction":2,"minecraft:item_frame":5,"minecraft:white_carpet":5,"minecraft:beef":10,"minecraft:oak_boat":3,"minecraft:spruce_slab":4,"minecraft:lectern":2,"minecraft:chest":3,"minecraft:birch_sapling":2,"minecraft:phantom_membrane":1,"minecraft:spruce_trapdoor":4,"minecraft:egg":1,"illusion_onslaught:arcaned_calcite":5,"minecraft:raw_iron":14,"iceandfire:dragonbone":4,"minecraft:spruce_fence":9,"minecraft:fire_charge":2,"illusion_onslaught:impulsive_sac":2,"farmersdelight:tomato_seeds":11,"born_in_chaos_v1:pieceofdarkmetal":11,"minecraft:redstone":64,"minecraft:prismarine_crystals":5,"minecraft:dark_oak_planks":35,"minecraft:tnt":4,"minecraft:arrow":11,"minecraft:deepslate_bricks":1,"minecraft:diamond_boots":6,"minecraft:hay_block":57,"alexscaves:spelunkery_table":1,"minecraft:saddle":4,"minecraft:gold_ingot":1,"minecraft:mutton":2,"minecraft:white_wool":3,"minecraft:bone_block":5,"minecraft:cracked_deepslate_tiles":2,"minecraft:stripped_oak_log":16,"born_in_chaos_v1:corpse_maggot":9,"farmersdelight:rich_soil":4,"born_in_chaos_v1:pumpkin_staff":1,"minecraft:leather":13,"minecraft:crimson_fungus":1,"minecraft:oak_log":1046,"minecraft:cobblestone_stairs":2,"minecraft:paper":5,"apotheosis:warden_tendril":4,"irons_spellbooks:common_ink":1,"born_in_chaos_v1:soul_cutlass":1,"minecraft:apple":4,"minecraft:gray_carpet":85,"minecraft:wild_armor_trim_smithing_template":2,"minecraft:iron_ingot":1,"minecraft:tall_grass":2,"born_in_chaos_v1:fel_lamp":1,"minecraft:gray_bed":11,"minecraft:iron_sword":3,"iceandfire:fire_dragon_flesh":1,"minecraft:acacia_sapling":3,"minecraft:book":7,"minecraft:sculk_catalyst":3,"minecraft:scaffolding":1,"minecraft:emerald_block":1,"born_in_chaos_v1:orbofthe_summoner":1,"graveyard:ossuary":2,"minecraft:gravel":76,"minecraft:white_bed":22,"call_of_yucutan:red_limestone_tiles":5,"graveyard:middle_bone_staff":1,"minecraft:spider_eye":6,"minecraft:leather_helmet":11,"minecraft:pumpkin_seeds":40,"minecraft:iron_helmet":4,"minecraft:gray_wool":28,"illusion_onslaught:cultstone_brick_stairs":1,"call_of_yucutan:macuahuitl":1,"minecraft:coal":12}},"DataVersion":3465}