{"stats":{"minecraft:crafted":{"minecraft:deepslate":24},"minecraft:picked_up":{"minecraft:repeater":4,"minecraft:redstone_lamp":8,"minecraft:redstone":35,"minecraft:sticky_piston":2,"minecraft:gray_carpet":29,"minecraft:comparator":1,"minecraft:redstone_torch":12,"minecraft:gray_wool":13},"minecraft:used":{"minecraft:redstone_torch":11,"minecraft:sticky_piston":2,"minecraft:gray_carpet":22,"minecraft:redstone":34,"minecraft:repeater":4,"minecraft:redstone_lamp":7,"minecraft:comparator":1,"minecraft:gray_wool":12},"minecraft:mined":{"minecraft:gray_wool":13,"minecraft:repeater":4,"minecraft:glass_pane":3,"minecraft:comparator":1,"minecraft:redstone_torch":4,"minecraft:sticky_piston":2,"minecraft:sculk_vein":11,"minecraft:sculk_shrieker":1,"minecraft:redstone_wire":35,"minecraft:gray_carpet":31,"minecraft:sculk":5,"minecraft:redstone_wall_torch":9,"minecraft:redstone_lamp":8},"minecraft:custom":{"minecraft:time_since_rest":3244,"minecraft:interact_with_furnace":2,"minecraft:sprint_one_cm":186102,"minecraft:damage_taken":5885,"minecraft:walk_one_cm":86256,"minecraft:mob_kills":1,"minecraft:damage_dealt":175,"minecraft:fly_one_cm":52462,"minecraft:crouch_one_cm":8764,"minecraft:play_time":85731,"minecraft:deaths":19,"minecraft:sneak_time":4451,"minecraft:jump":294,"minecraft:leave_game":6,"minecraft:time_since_death":3206,"minecraft:climb_one_cm":229,"minecraft:total_world_time":85731,"minecraft:fall_one_cm":5331},"minecraft:killed":{"minecraft:spider":1}},"DataVersion":3465}